index,ds,y
0,2007-12-10,9.59076113897809
1,2007-12-11,8.51959031601596
2,2007-12-12,8.18367658262066
3,2007-12-13,8.07246736935477
4,2007-12-14,7.8935720735049
5,2007-12-15,7.78364059622125
6,2007-12-16,8.41405243249672
7,2007-12-17,8.82922635473185
8,2007-12-18,8.38251828808963
9,2007-12-19,8.06965530688617
10,2007-12-20,7.87929148508227
11,2007-12-21,7.76174498465891
12,2007-12-22,7.52940645783701
13,2007-12-23,8.38526052015541
14,2007-12-24,8.62011072542292
15,2007-12-25,7.85243908535751
16,2007-12-26,7.85399308722424
17,2007-12-27,8.0519780789023
18,2007-12-28,7.92660259918138
19,2007-12-29,7.83834331555712
20,2007-12-30,9.70314458114435
21,2007-12-31,9.38597294061934
22,2008-01-01,8.29379960884682
23,2008-01-02,8.43468076984177
24,2008-01-03,8.26204284396694
25,2008-01-04,8.10681603894705
26,2008-01-05,7.95014988765202
27,2008-01-06,9.50925907635395
28,2008-01-07,8.84678466694523
29,2008-01-08,8.43054538469057
30,2008-01-09,8.2482674474469
31,2008-01-10,8.28172399041139
32,2008-01-11,8.29279885820037
33,2008-01-12,8.19918935907807
34,2008-01-13,9.99652241850332
35,2008-01-14,10.1270710070787
36,2008-01-15,8.93379604393486
37,2008-01-16,8.56617381363786
38,2008-01-17,8.54772239645106
39,2008-01-18,8.39976009452414
40,2008-01-19,8.22309055116153
41,2008-01-20,8.83898679349679
42,2008-01-21,10.8972021813751
43,2008-01-22,9.44493807333551
44,2008-01-23,8.92332474406756
45,2008-01-24,8.5434455625603
46,2008-01-25,8.49556089128912
47,2008-01-26,8.41737285613403
48,2008-01-27,8.57262789830434
49,2008-01-28,8.73648935100155
50,2008-01-29,8.63408694288774
51,2008-01-30,8.67351294567119
52,2008-02-01,8.82423661734664
53,2008-02-02,8.53797573059877
54,2008-02-03,9.69806112202708
55,2008-02-04,12.0974568371517
56,2008-02-05,10.6352783566883
57,2008-02-06,9.69171658751689
58,2008-02-07,9.31560088263368
59,2008-02-08,8.97081334141145
60,2008-02-09,8.58914169072882
61,2008-02-10,8.61740045183326
62,2008-02-11,8.61631428228404
63,2008-02-12,8.21554741194707
64,2008-02-13,8.06495089174914
65,2008-02-14,8.11342663994365
66,2008-02-15,7.79934339821592
67,2008-02-16,7.6275443904885
68,2008-02-17,7.55590509361135
69,2008-02-18,7.71154897962915
70,2008-02-19,7.78862606562503
71,2008-02-20,7.70841066725737
72,2008-02-21,7.76853330092603
73,2008-02-22,7.69530313496357
74,2008-02-23,7.37838371299671
75,2008-02-24,7.91059061225648
76,2008-02-25,7.62657020629066
77,2008-02-26,7.57353126274595
78,2008-02-27,7.56786260546388
79,2008-02-29,7.5522372875608
80,2008-03-02,7.33693691370762
81,2008-03-05,8.12474302038557
82,2008-03-06,7.88758403166028
83,2008-03-07,7.81963630236759
84,2008-03-08,7.38398945797851
85,2008-03-09,7.81439963380449
86,2008-03-10,7.5422134631934
87,2008-03-11,7.54855597916987
88,2008-03-12,7.6889133368648
89,2008-03-13,7.4770384723197
90,2008-03-14,7.35883089834235
91,2008-03-15,7.03262426102801
92,2008-03-16,7.11801620446533
93,2008-03-17,7.34987370473834
94,2008-03-18,7.32646561384032
95,2008-03-19,7.36391350140582
96,2008-03-20,7.27793857294566
97,2008-03-21,7.25134498337221
98,2008-03-22,7.00215595440362
99,2008-03-23,7.16394668434255
100,2008-03-24,7.7591874385078
101,2008-03-25,7.51860721681525
102,2008-03-26,7.41397029019044
103,2008-03-27,7.44249272279444
104,2008-03-28,7.2283884515736
105,2008-03-29,6.99117688712121
106,2008-03-30,7.2115567333138
107,2008-03-31,7.31121838441963
108,2008-04-01,7.34923082461333
109,2008-04-02,7.51425465281641
110,2008-04-03,7.39326309476384
111,2008-04-04,7.28619171470238
112,2008-04-05,7.27309259599952
113,2008-04-06,7.16857989726403
114,2008-04-07,7.61134771740362
115,2008-04-08,7.61775957660851
116,2008-04-09,7.42595365707754
117,2008-04-10,8.18200013629341
118,2008-04-11,7.39939808333135
119,2008-04-12,7.1066061377273
120,2008-04-13,7.08086789669078
121,2008-04-14,7.42117752859539
122,2008-04-15,7.49164547360513
123,2008-04-16,7.38585107812521
124,2008-04-17,7.68294316987829
125,2008-04-18,7.6889133368648
126,2008-04-19,7.2591161280971
127,2008-04-20,8.14496941708788
128,2008-04-21,8.71391062849392
129,2008-04-22,8.09101504171053
130,2008-04-23,7.84031298332016
131,2008-04-24,7.64873978895624
132,2008-04-25,8.02092771898158
133,2008-04-26,7.83002808253384
134,2008-04-27,7.72753511047545
135,2008-04-28,7.83597458172157
136,2008-04-29,7.62657020629066
137,2008-04-30,7.64444076155657
138,2008-05-01,7.54855597916987
139,2008-05-02,7.44073370738926
140,2008-05-03,7.07326971745971
141,2008-05-04,7.02642680869964
142,2008-05-05,7.39203156751459
143,2008-05-06,7.29301767977278
144,2008-05-07,7.36137542897735
145,2008-05-08,7.51261754467451
146,2008-05-09,7.46049030582534
147,2008-05-10,7.11476944836646
148,2008-05-11,7.12528309151071
149,2008-05-12,7.45587668749182
150,2008-05-13,7.31721240835984
151,2008-05-14,7.41034709782102
152,2008-05-15,7.40245152081824
153,2008-05-16,7.29437729928882
154,2008-05-17,6.98933526597456
155,2008-05-18,6.99301512293296
156,2008-05-19,7.4312996751559
157,2008-05-20,7.36201055125973
158,2008-05-21,7.454719949364
159,2008-05-22,7.36833968631138
160,2008-05-23,7.14361760270412
161,2008-05-24,6.8351845861473
162,2008-05-25,6.89060912014717
163,2008-05-26,6.97447891102505
164,2008-05-27,7.26612877955645
165,2008-05-28,7.27031288607902
166,2008-05-29,7.26542972325395
167,2008-05-30,7.15773548424991
168,2008-05-31,6.86589107488344
169,2008-06-03,7.15383380157884
170,2008-06-04,7.21670948670946
171,2008-06-05,7.20191631753163
172,2008-06-06,7.21229446850034
173,2008-06-07,7.18614430452233
174,2008-06-08,6.82001636467413
175,2008-06-09,6.88243747099785
176,2008-06-10,7.18311170174328
177,2008-06-11,7.24279792279376
178,2008-06-12,7.1929342212158
179,2008-06-13,7.18387071506245
180,2008-06-14,6.97073007814353
181,2008-06-15,6.9177056098353
182,2008-06-16,7.22256601882217
183,2008-06-17,7.35691824235602
184,2008-06-18,7.24279792279376
185,2008-06-19,7.22329567956231
186,2008-06-20,7.16317239084664
187,2008-06-21,7.24136628332232
188,2008-06-22,6.98656645940643
189,2008-06-23,6.96318998587024
190,2008-06-24,7.25063551189868
191,2008-06-25,7.1608459066643
192,2008-06-26,7.13249755166004
193,2008-06-27,7.09174211509515
194,2008-06-28,7.01211529430638
195,2008-06-29,6.85751406254539
196,2008-06-30,6.82762923450285
197,2008-07-02,7.13009851012558
198,2008-07-03,7.27724772663148
199,2008-07-04,7.03878354138854
200,2008-07-05,6.89060912014717
201,2008-07-06,6.95749737087695
202,2008-07-07,7.29573507274928
203,2008-07-08,7.49720722320332
204,2008-07-09,7.31055015853442
205,2008-07-10,7.20489251020467
206,2008-07-11,7.22256601882217
207,2008-07-12,7.25770767716004
208,2008-08-01,7.42595365707754
209,2008-08-02,7.11720550316434
210,2008-08-03,7.24992553671799
211,2008-08-04,8.27690348126706
212,2008-08-05,7.60638738977265
213,2008-08-06,7.64396194900253
214,2008-08-07,8.01234963932779
215,2008-08-08,7.93020620668468
216,2008-08-09,7.50878717063428
217,2008-08-10,7.52131798019924
218,2008-08-11,7.58984151218266
219,2008-08-12,7.50052948539529
220,2008-08-13,7.37023064180708
221,2008-08-14,7.38523092306657
222,2008-08-15,7.30249642372733
223,2008-08-16,7.27517231945277
224,2008-08-17,7.39203156751459
225,2008-08-18,7.51697722460432
226,2008-08-19,7.90912218321141
227,2008-08-20,7.72312009226633
228,2008-08-21,7.67042852219069
229,2008-08-22,7.62900388965296
230,2008-08-23,7.43070708254597
231,2008-08-24,7.57967882309046
232,2008-08-25,7.9483852851119
233,2008-08-26,7.79564653633459
234,2008-08-27,8.00736706798333
235,2008-08-28,7.79069603117474
236,2008-08-29,7.83280751652486
237,2008-08-30,7.51479976048867
238,2008-08-31,7.6275443904885
239,2008-09-01,7.85515700588134
240,2008-09-02,7.96485088744731
241,2008-09-03,7.74586822979227
242,2008-09-04,8.08085641964099
243,2008-09-05,8.25997565976828
244,2008-09-06,7.7698009960039
245,2008-09-07,8.17751582384608
246,2008-09-08,9.28173036806286
247,2008-09-09,8.33854487998858
248,2008-09-10,7.83042561782033
249,2008-09-11,7.8087293067444
250,2008-09-12,7.81681996576455
251,2008-09-13,7.55485852104068
252,2008-09-14,8.55506684384432
253,2008-09-15,8.20794694104862
254,2008-09-16,8.08363720314155
255,2008-09-17,7.79110951061003
256,2008-09-18,7.67089483136212
257,2008-09-19,7.64012317269536
258,2008-09-20,7.55013534248843
259,2008-09-21,8.24931374626064
260,2008-09-22,8.3039999709552
261,2008-09-23,8.12681372072611
262,2008-09-24,7.70616297019958
263,2008-09-25,7.66387725870347
264,2008-09-26,7.52671756135271
265,2008-09-27,7.92588031673756
266,2008-09-28,7.92153563213355
267,2008-09-29,8.03398273468322
268,2008-09-30,7.72577144158795
269,2008-10-01,7.69439280262942
270,2008-10-02,7.44949800538285
271,2008-10-03,7.39141523467536
272,2008-10-04,7.34601020991329
273,2008-10-05,8.10137467122858
274,2008-10-06,8.15651022607997
275,2008-10-07,7.97108575350561
276,2008-10-08,7.87283617502572
277,2008-10-09,7.63530388625941
278,2008-10-10,7.58781721999343
279,2008-10-11,7.34213173058472
280,2008-10-12,8.17751582384608
281,2008-10-13,8.34093322600088
282,2008-10-14,8.47657950853094
283,2008-10-15,7.87359778968554
284,2008-10-16,7.71735127218533
285,2008-10-17,7.49052940206071
286,2008-10-18,7.37588214821501
287,2008-10-19,8.07558263667172
288,2008-10-20,8.16536363247398
289,2008-10-23,7.58528107863913
290,2008-10-24,7.60738142563979
291,2008-10-25,7.26752542782817
292,2008-10-26,8.04012466444838
293,2008-10-27,8.10922495308995
294,2008-10-28,8.80687326653069
295,2008-10-29,7.74716496652033
296,2008-10-30,7.48099216286952
297,2008-10-31,7.34665516317654
298,2008-11-01,7.24708058458576
299,2008-11-02,7.93808872689695
300,2008-11-03,9.03562977818356
301,2008-11-04,8.04109100370863
302,2008-11-05,7.40610338123702
303,2008-11-06,7.97384437594469
304,2008-11-07,7.76811037852599
305,2008-11-08,7.4713630881871
306,2008-11-09,8.03008409426756
307,2008-11-10,8.72939712269206
308,2008-11-11,7.93701748951545
309,2008-11-12,7.66528471847135
310,2008-11-13,7.58018941794454
311,2008-11-14,7.7106533235012
312,2008-11-15,7.26122509197192
313,2008-11-16,8.04654935728308
314,2008-11-17,8.09346227450118
315,2008-11-18,7.76726399675731
316,2008-11-19,7.49665243816828
317,2008-11-20,7.5522372875608
318,2008-11-21,7.49720722320332
319,2008-11-22,7.3125534981026
320,2008-11-23,7.93880224815448
321,2008-11-24,9.05870319731322
322,2008-11-25,8.19422930481982
323,2008-11-26,7.51914995766982
324,2008-11-27,7.55118686729615
325,2008-11-28,7.71378461659875
326,2008-11-29,7.60589000105312
327,2008-11-30,8.49902922078857
328,2008-12-01,8.29179710504873
329,2008-12-02,7.89469085042562
330,2008-12-03,7.79028238070348
331,2008-12-04,7.65539064482615
332,2008-12-05,7.61035761831284
333,2008-12-06,7.53101633207792
334,2008-12-07,8.23137604557397
335,2008-12-08,8.00670084544037
336,2008-12-09,7.85864065562079
337,2008-12-10,7.69712131728263
338,2008-12-11,7.59588991771854
339,2008-12-12,7.73587031995257
340,2008-12-13,7.35115822643069
341,2008-12-14,8.03138533062553
342,2008-12-15,8.39434736141739
343,2008-12-16,7.82364593083495
344,2008-12-17,8.08671792030391
345,2008-12-18,7.77148876011762
346,2008-12-19,8.68895923427068
347,2008-12-20,7.74716496652033
348,2008-12-21,7.96067260838812
349,2008-12-22,8.62461158818351
350,2008-12-23,7.99665387546261
351,2008-12-24,7.62070508683826
352,2008-12-25,7.4318919168078
353,2008-12-26,7.46278915741245
354,2008-12-27,7.4489161025442
355,2008-12-28,8.25140306538056
356,2008-12-29,8.55525939222269
357,2008-12-30,8.31581113188354
358,2008-12-31,8.30992298925832
359,2009-01-01,7.75876054415766
360,2009-01-02,8.80821966511841
361,2009-01-03,9.12194622121359
362,2009-01-04,10.1538181636943
363,2009-01-05,9.26785427817679
364,2009-01-06,8.43424627059531
365,2009-01-07,8.13768818497761
366,2009-01-08,8.04494704961772
367,2009-01-09,8.22897764335831
368,2009-01-10,8.14118979345769
369,2009-01-11,9.21562637640542
370,2009-01-12,8.73278832497312
371,2009-01-13,8.51016857647927
372,2009-01-14,8.10409905614358
373,2009-01-15,7.95014988765202
374,2009-01-16,7.85205020726589
375,2009-01-17,7.65633716643018
376,2009-01-18,8.04430540699064
377,2009-01-19,8.80101783354071
378,2009-01-20,7.82963038915019
379,2009-01-21,7.77737360265786
380,2009-01-22,7.93522953981691
381,2009-01-23,7.67229245562876
382,2009-01-24,7.38832785957711
383,2009-01-25,7.51152464839087
384,2009-01-26,7.66340766489348
385,2009-01-27,7.78945456608667
386,2009-01-28,7.80791662892641
387,2009-01-29,7.82484569102686
388,2009-01-30,7.90654723236804
389,2009-01-31,7.70210434005105
390,2009-02-01,8.47762041629641
391,2009-02-02,9.14952823257943
392,2009-02-03,8.06211758275474
393,2009-02-04,8.06652149046999
394,2009-02-05,8.05959232888755
395,2009-02-06,8.04942705711069
396,2009-02-07,7.7621706071382
397,2009-02-08,8.09773057366422
398,2009-02-09,8.01829613851552
399,2009-02-10,7.61677580869837
400,2009-02-11,7.84267147497946
401,2009-02-12,7.76853330092603
402,2009-02-13,7.53047999524554
403,2009-02-14,7.33236920592906
404,2009-02-15,7.22402480828583
405,2009-02-16,7.41637847919293
406,2009-02-17,7.42714413340862
407,2009-02-18,7.39756153552405
408,2009-02-19,7.49554194388426
409,2009-02-20,7.39939808333135
410,2009-02-21,7.00850518208228
411,2009-02-22,7.11801620446533
412,2009-02-23,7.48380668766583
413,2009-02-24,7.57147364885127
414,2009-02-25,7.64826303090192
415,2009-02-26,7.47420480649612
416,2009-02-27,7.47250074473756
417,2009-02-28,7.2115567333138
418,2009-03-01,7.34342622914737
419,2009-03-02,7.48211892355212
420,2009-03-03,7.41095187558364
421,2009-03-04,7.40306109109009
422,2009-03-05,7.45298232946546
423,2009-03-06,7.42356844425917
424,2009-03-07,7.08506429395255
425,2009-03-08,7.21081845347222
426,2009-03-09,7.35627987655075
427,2009-03-10,7.30451594646016
428,2009-03-11,7.46565531013406
429,2009-03-12,7.86901937649902
430,2009-03-13,7.24850407237061
431,2009-03-14,7.07834157955767
432,2009-03-15,7.2211050981825
433,2009-03-16,7.33432935030054
434,2009-03-17,7.29233717617388
435,2009-03-18,7.2991214627108
436,2009-03-19,7.28344822875663
437,2009-03-20,7.30182234213793
438,2009-03-21,7.06219163228656
439,2009-03-22,7.18159194461187
440,2009-03-23,7.50549227473742
441,2009-03-24,7.87473912517181
442,2009-03-25,7.57865685059476
443,2009-03-26,7.36707705988101
444,2009-03-27,7.25700270709207
445,2009-03-28,7.05617528410041
446,2009-03-29,7.50273821075485
447,2009-03-30,7.44307837434852
448,2009-03-31,7.48155570190952
449,2009-04-01,7.48211892355212
450,2009-04-02,7.51914995766982
451,2009-04-03,7.65964295456468
452,2009-04-04,7.24422751560335
453,2009-04-05,7.23273313617761
454,2009-04-06,7.34213173058472
455,2009-04-07,7.42117752859539
456,2009-04-08,7.49220304261874
457,2009-04-09,7.31521838975297
458,2009-04-10,7.14124512235049
459,2009-04-11,7.00940893270864
460,2009-04-12,7.08757370555797
461,2009-04-13,7.30451594646016
462,2009-04-14,7.37462901521894
463,2009-04-15,7.51261754467451
464,2009-04-16,7.51752085060303
465,2009-04-17,7.37400185935016
466,2009-04-18,7.14124512235049
467,2009-04-19,7.16162200293919
468,2009-04-20,7.48493028328966
469,2009-04-21,7.51261754467451
470,2009-04-22,7.44483327389219
471,2009-04-23,7.47420480649612
472,2009-04-24,7.67182679787878
473,2009-04-25,7.84227877911735
474,2009-04-26,7.92407232492342
475,2009-04-27,7.82843635915759
476,2009-04-28,7.58680353516258
477,2009-04-29,7.62997570702779
478,2009-04-30,7.70975686445416
479,2009-05-01,7.52671756135271
480,2009-05-02,7.19368581839511
481,2009-05-03,7.25770767716004
482,2009-05-04,7.45414107814668
483,2009-05-05,7.48155570190952
484,2009-05-06,7.55903825544338
485,2009-05-07,7.44483327389219
486,2009-05-08,7.3375877435386
487,2009-05-09,7.13568734702814
488,2009-05-10,7.08506429395255
489,2009-05-11,7.27239839257005
490,2009-05-12,7.5109777520141
491,2009-05-13,7.49886973397693
492,2009-05-14,7.44424864949671
493,2009-05-15,7.40306109109009
494,2009-05-16,6.91671502035361
495,2009-05-17,6.97728134163075
496,2009-05-18,7.48268182815465
497,2009-05-19,7.41397029019044
498,2009-05-20,7.37211802833779
499,2009-05-21,7.33367639565768
500,2009-05-22,7.39510754656249
501,2009-05-23,7.03614849375054
502,2009-05-24,6.87419849545329
503,2009-05-25,6.98471632011827
504,2009-05-26,7.45587668749182
505,2009-05-27,7.49498623395053
506,2009-05-28,7.33106030521863
507,2009-05-29,7.10496544826984
508,2009-05-30,6.99393297522319
509,2009-05-31,6.93049476595163
510,2009-06-01,7.21817683840341
511,2009-06-02,7.4759059693674
512,2009-06-03,7.36454701425564
513,2009-06-04,7.23993259132047
514,2009-06-05,7.30921236569276
515,2009-06-06,7.13886699994552
516,2009-06-07,6.97260625130175
517,2009-06-08,7.18841273649695
518,2009-06-09,7.33498187887181
519,2009-06-10,7.33432935030054
520,2009-06-11,7.43248380791712
521,2009-06-12,7.39141523467536
522,2009-06-13,6.96129604591017
523,2009-06-14,7.02197642307216
524,2009-06-15,7.21376830811864
525,2009-06-16,7.50988306115491
526,2009-06-17,7.32843735289516
527,2009-06-18,7.49665243816828
528,2009-06-19,7.20042489294496
529,2009-06-20,7.08422642209792
530,2009-06-21,7.14913159855741
531,2009-06-22,7.25629723969068
532,2009-06-23,7.19818357710194
533,2009-06-24,7.28892769452126
534,2009-06-25,7.12849594568004
535,2009-06-26,7.0825485693553
536,2009-06-27,6.82219739062049
537,2009-06-28,6.94793706861497
538,2009-06-29,7.11232744471091
539,2009-06-30,7.19967834569117
540,2009-07-01,7.31721240835984
541,2009-07-02,7.09837563859079
542,2009-07-03,7.04490511712937
543,2009-07-04,7.30451594646016
544,2009-07-05,7.79358680337158
545,2009-07-06,7.80547462527086
546,2009-07-07,7.48324441607385
547,2009-07-08,7.35691824235602
548,2009-07-09,7.50714107972761
549,2009-07-10,7.37525577800975
550,2009-07-11,7.19668657083435
551,2009-07-12,7.22329567956231
552,2009-07-13,7.35244110024358
553,2009-07-14,7.31721240835984
554,2009-07-15,7.44424864949671
555,2009-07-16,7.35564110297425
556,2009-07-17,7.32448997934853
557,2009-07-18,7.21450441415114
558,2009-07-19,7.2841348061952
559,2009-07-20,7.54009032014532
560,2009-07-21,7.47477218239787
561,2009-07-22,7.82923253754359
562,2009-07-23,7.68109900153636
563,2009-07-24,7.72973533138505
564,2009-07-25,7.3031700512368
565,2009-07-26,7.28207365809346
566,2009-07-27,7.48549160803075
567,2009-07-28,7.61874237767041
568,2009-07-29,7.69393732550927
569,2009-07-30,7.53955882930103
570,2009-07-31,7.43838353004431
571,2009-08-01,7.27378631784489
572,2009-08-02,7.35564110297425
573,2009-08-03,7.65822752616135
574,2009-08-04,7.84345640437612
575,2009-08-05,8.36846113761584
576,2009-08-06,8.1721644521119
577,2009-08-07,7.81156848934518
578,2009-08-08,7.57507169950756
579,2009-08-09,7.6586995582683
580,2009-08-10,7.86633892304654
581,2009-08-11,7.78113850984502
582,2009-08-12,7.75491027202143
583,2009-08-13,7.70885960104718
584,2009-08-14,8.20712916807133
585,2009-08-15,7.71154897962915
586,2009-08-16,7.73455884435476
587,2009-08-17,7.96762673933382
588,2009-08-18,8.40380050406115
589,2009-08-19,8.29279885820037
590,2009-08-20,7.98548435673382
591,2009-08-21,8.67180090964268
592,2009-08-22,7.78239033558746
593,2009-08-23,7.78696700261487
594,2009-08-24,7.94661756324447
595,2009-08-25,8.17357548663415
596,2009-08-26,7.80954132465341
597,2009-08-27,7.80302664363222
598,2009-08-28,8.05134093329298
599,2009-08-29,7.97315543344413
600,2009-08-30,7.86901937649902
601,2009-08-31,8.16251625014018
602,2009-09-01,8.04012466444838
603,2009-09-02,7.96346006663897
604,2009-09-03,7.83834331555712
605,2009-09-04,7.91315518592807
606,2009-09-05,7.95331834656043
607,2009-09-06,8.07620452723903
608,2009-09-07,7.98241634682773
609,2009-09-08,8.1285852003745
610,2009-09-09,7.95472333449791
611,2009-09-10,8.1101268019411
612,2009-09-11,8.21365270303
613,2009-09-12,8.04686951095958
614,2009-09-13,8.9242570208881
615,2009-09-14,8.61721950548336
616,2009-09-15,8.51959031601596
617,2009-09-16,8.01433573729942
618,2009-09-17,8.05769419481559
619,2009-09-18,8.10440130792161
620,2009-09-19,7.99395754757357
621,2009-09-20,8.43185314424922
622,2009-09-21,9.73820008829795
623,2009-09-22,10.1799822793473
624,2009-09-24,8.36194190614495
625,2009-09-28,9.94884325425692
626,2009-09-29,8.75904072752422
627,2009-09-30,8.25166392360559
628,2009-10-01,8.07868822922987
629,2009-10-02,8.17357548663415
630,2009-10-03,7.88908440703551
631,2009-10-04,9.09985563880091
632,2009-10-05,9.40656483393913
633,2009-10-06,9.16440114003474
634,2009-10-07,8.48735234940522
635,2009-10-08,8.43141741439483
636,2009-10-09,8.2776661608515
637,2009-10-10,8.31213510764841
638,2009-10-11,8.79011689289247
639,2009-10-12,10.2800386504796
640,2009-10-13,9.07577987858049
641,2009-10-17,8.69918135930895
642,2009-10-18,9.08658956454001
643,2009-10-19,8.86149186428691
644,2009-10-20,8.54441917766983
645,2009-10-21,8.44762872803033
646,2009-10-22,8.25270667656764
647,2009-10-23,8.10982627601848
648,2009-10-24,8.13681086367554
649,2009-10-25,8.7268056084461
650,2009-10-26,9.38269576445829
651,2009-10-27,8.57828829077605
652,2009-10-28,8.23880116587155
653,2009-10-29,8.12237124340655
654,2009-10-30,8.05515773181968
655,2009-10-31,7.83241092718792
656,2009-11-01,8.89754559870933
657,2009-11-02,8.72566970568704
658,2009-11-03,8.56407677731509
659,2009-11-04,8.2190566610606
660,2009-11-05,8.14757773620177
661,2009-11-06,8.0013550258267
662,2009-11-07,7.78945456608667
663,2009-11-08,8.81195017753998
664,2009-11-09,9.00220857828241
665,2009-11-10,8.59304250369967
666,2009-11-11,8.28197705886776
667,2009-11-12,8.46505743699571
668,2009-11-13,8.49474306257865
669,2009-11-14,8.40514368760761
670,2009-11-16,10.558699193753
671,2009-11-17,9.12456459495478
672,2009-11-18,8.73182058296211
673,2009-11-19,8.52892411429194
674,2009-11-20,8.50512061018197
675,2009-11-21,8.27639470486331
676,2009-11-23,9.1239106439778
677,2009-11-24,8.58597270681106
678,2009-11-25,8.31556648356428
679,2009-11-26,8.66112036022288
680,2009-11-27,8.92572027356022
681,2009-11-28,8.44139147799996
682,2009-11-29,9.2277872855799
683,2009-11-30,9.26473385580652
684,2009-12-01,9.27491014262548
685,2009-12-02,8.39298958795693
686,2009-12-03,8.58522560180806
687,2009-12-04,8.42376124662369
688,2009-12-05,8.33782726244791
689,2009-12-06,9.05975001334368
690,2009-12-07,9.29825967001407
691,2009-12-08,8.76186337327473
692,2009-12-09,8.50754681436443
693,2009-12-10,8.39931015075952
694,2009-12-11,8.52357279838028
695,2009-12-12,8.37953902611744
696,2009-12-13,9.09110628405248
697,2009-12-14,9.76198159024195
698,2009-12-15,8.92956770782534
699,2009-12-16,8.53070154144103
700,2009-12-17,8.58709231879591
701,2009-12-18,9.79784922051313
702,2009-12-19,8.66475075577385
703,2009-12-20,9.17232692977797
704,2009-12-21,9.20140053040671
705,2009-12-22,9.33052053223229
706,2009-12-23,8.68457030082437
707,2009-12-24,8.50248556254396
708,2009-12-25,8.28878581042693
709,2009-12-26,8.29804166137157
710,2009-12-27,9.16293424957891
711,2009-12-28,9.54795481317617
712,2009-12-29,9.01724094201035
713,2009-12-30,8.78492762605832
714,2009-12-31,8.38662882139512
715,2010-01-01,8.33447155460094
716,2010-01-02,8.53601494565683
717,2010-01-03,8.70863965598719
718,2010-01-04,8.73004395324502
719,2010-01-05,8.37562962709445
720,2010-01-06,8.31898612539206
721,2010-01-07,8.46442512587758
722,2010-01-08,8.5972974356579
723,2010-01-09,8.92279162396964
724,2010-01-10,9.49167735686812
725,2010-01-11,9.21014035197352
726,2010-01-12,8.67795057029435
727,2010-01-13,8.60226936377136
728,2010-01-14,8.61450137388324
729,2010-01-15,8.65886634973238
730,2010-01-16,8.77940359789435
731,2010-01-17,11.0079327963967
732,2010-01-18,9.75324588920559
733,2010-01-19,9.22513045744882
734,2010-01-20,9.0177260256968
735,2010-01-21,8.93695560422523
736,2010-01-22,9.00932517273497
737,2010-01-25,11.4840629202851
738,2010-01-26,10.2642341958449
739,2010-01-27,9.69443180053954
740,2010-01-28,9.44041981429151
741,2010-01-29,9.35374783527091
742,2010-01-30,9.22847494217167
743,2010-01-31,9.30392178559771
744,2010-02-01,10.2401740519157
745,2010-02-02,9.91595945403145
746,2010-02-03,10.1115174660403
747,2010-02-04,9.85859478364539
748,2010-02-05,10.1190020766858
749,2010-02-06,10.0005688901867
750,2010-02-07,11.1914521795828
751,2010-02-09,10.4633318857817
752,2010-02-10,9.65406419220144
753,2010-02-11,9.11975899374495
754,2010-02-12,8.79573360595074
755,2010-02-13,8.44848599340645
756,2010-02-14,8.2666784433059
757,2010-02-15,8.21851757748959
758,2010-02-16,8.24249315318763
759,2010-02-17,8.00803284696931
760,2010-02-18,8.0452677166078
761,2010-02-19,7.9287663216267
762,2010-02-20,7.74500280351584
763,2010-02-21,7.86633892304654
764,2010-02-22,7.94165125293056
765,2010-02-24,8.31041499418829
766,2010-02-25,7.82803803212583
767,2010-02-26,7.87359778968554
768,2010-02-27,7.75705114203201
769,2010-02-28,7.72621265050753
770,2010-03-01,7.77527584648686
771,2010-03-02,7.79523492900217
772,2010-03-03,7.74975340627444
773,2010-03-04,8.06808962627824
774,2010-03-05,8.72583205652757
775,2010-03-06,7.65444322647011
776,2010-03-07,7.60339933974067
777,2010-03-08,7.75319426988434
778,2010-03-09,7.77022320415879
779,2010-03-10,7.63143166457691
780,2010-03-11,7.54380286750151
781,2010-03-12,7.60439634879634
782,2010-03-13,7.58426481838906
783,2010-03-14,7.5109777520141
784,2010-03-15,7.67461749736436
785,2010-03-16,7.71289096149013
786,2010-03-17,7.70165236264223
787,2010-03-18,7.63819824428578
788,2010-03-19,7.56268124672188
789,2010-03-20,7.40367029001237
790,2010-03-21,7.46622755621548
791,2010-03-22,7.61233683716775
792,2010-03-23,7.80180040190897
793,2010-03-24,8.02878116248715
794,2010-03-25,7.73017479524622
795,2010-03-26,7.63964228785801
796,2010-03-27,7.56320059235807
797,2010-03-28,7.48661331313996
798,2010-03-29,7.5076900778199
799,2010-03-30,7.65396918047877
800,2010-03-31,7.61283103040736
801,2010-04-01,7.45414107814668
802,2010-04-02,7.36707705988101
803,2010-04-03,7.45298232946546
804,2010-04-04,7.47873482556787
805,2010-04-05,7.98514393119862
806,2010-04-06,7.82164312623998
807,2010-04-07,7.66058546170326
808,2010-04-08,7.5595594960077
809,2010-04-09,7.57660976697304
810,2010-04-10,7.4500795698075
811,2010-04-11,7.49886973397693
812,2010-04-12,7.51588908521513
813,2010-04-13,7.60837447438078
814,2010-04-14,7.58629630715272
815,2010-04-15,7.68063742756094
816,2010-04-16,7.7848892956551
817,2010-04-17,7.5522372875608
818,2010-04-18,7.59890045687141
819,2010-04-19,7.64826303090192
820,2010-04-20,7.66996199547358
821,2010-04-21,7.85554467791566
822,2010-04-22,8.09651291750159
823,2010-04-23,8.92105701815743
824,2010-04-24,8.3986348552921
825,2010-04-25,7.98820359702258
826,2010-04-26,8.00269416228394
827,2010-04-27,8.07309119969315
828,2010-04-28,7.98309894071089
829,2010-04-29,7.84619881549743
830,2010-04-30,7.78655180642871
831,2010-05-01,7.44483327389219
832,2010-05-02,7.5422134631934
833,2010-05-03,7.6425241342329
834,2010-05-04,7.6511201757027
835,2010-05-05,7.51152464839087
836,2010-05-06,7.67693714581808
837,2010-05-07,7.9912539298402
838,2010-05-08,7.44190672805162
839,2010-05-09,7.38398945797851
840,2010-05-10,7.60589000105312
841,2010-05-11,7.58680353516258
842,2010-05-12,7.62119516280984
843,2010-05-13,7.29573507274928
844,2010-05-14,7.48885295573346
845,2010-05-15,7.27309259599952
846,2010-05-16,7.34665516317654
847,2010-05-17,7.47363710849621
848,2010-05-18,7.35564110297425
849,2010-05-19,7.2283884515736
850,2010-05-20,7.39694860262101
851,2010-05-21,7.47533923656674
852,2010-05-22,7.40974195408092
853,2010-05-23,7.34601020991329
854,2010-05-24,7.4079243225596
855,2010-05-25,7.38398945797851
856,2010-05-26,7.38087903556412
857,2010-05-27,7.20637729147225
858,2010-05-28,7.09340462586877
859,2010-05-29,7.10987946307227
860,2010-05-30,7.05531284333975
861,2010-05-31,7.11639414409346
862,2010-06-01,7.19218205871325
863,2010-06-02,7.24921505711439
864,2010-06-03,7.41938058291869
865,2010-06-04,7.56216163122565
866,2010-06-05,7.43307534889858
867,2010-06-06,7.28550654852279
868,2010-06-07,7.9355873855892
869,2010-06-08,9.01954299670119
870,2010-06-09,7.22548147278229
871,2010-06-10,7.02731451403978
872,2010-06-11,6.7990558620588
873,2010-06-12,5.44673737166631
874,2010-06-13,5.32300997913841
875,2010-06-14,5.26269018890489
876,2010-06-15,6.30627528694802
877,2010-06-16,6.65286302935335
878,2010-06-17,7.21964204013074
879,2010-06-18,7.38832785957711
880,2010-06-19,7.13886699994552
881,2010-06-20,7.04315991598834
882,2010-06-21,7.20637729147225
883,2010-06-22,7.02997291170639
884,2010-06-23,7.00760061395185
885,2010-06-24,6.91869521902047
886,2010-06-25,6.88448665204278
887,2010-06-27,6.13772705408623
888,2010-06-29,7.20637729147225
889,2010-06-30,7.13727843726039
890,2010-07-01,7.05444965813294
891,2010-07-02,7.11232744471091
892,2010-07-03,6.92657703322272
893,2010-07-04,6.81454289725996
894,2010-07-06,7.35500192110526
895,2010-07-11,7.13169851046691
896,2010-07-12,7.07749805356923
897,2010-07-13,7.24208235925696
898,2010-07-14,7.24708058458576
899,2010-07-15,7.646353722446
900,2010-07-16,7.45645455517621
901,2010-07-17,7.30988148582479
902,2010-07-18,7.23777819192344
903,2010-07-19,7.27517231945277
904,2010-07-20,7.46908388492123
905,2010-07-21,7.45066079621154
906,2010-07-22,8.12740456269308
907,2010-07-23,7.77485576666552
908,2010-07-24,7.52131798019924
909,2010-07-25,7.54960916515453
910,2010-07-26,7.94979721616185
911,2010-07-27,7.79770203551669
912,2010-07-28,7.79975331828725
913,2010-07-29,7.9002660367677
914,2010-07-30,7.85825418218603
915,2010-07-31,7.94165125293056
916,2010-08-01,7.67136092319064
917,2010-08-02,8.13534694890671
918,2010-08-03,8.68777949199177
919,2010-08-04,8.45318786144033
920,2010-08-05,8.06463647577422
921,2010-08-06,8.00936307663004
922,2010-08-07,7.87739718635329
923,2010-08-08,7.85515700588134
924,2010-08-09,8.14089846060785
925,2010-08-10,7.92117272158701
926,2010-08-11,7.9707403900071
927,2010-08-12,7.96519829061218
928,2010-08-13,8.13476078241865
929,2010-08-14,7.79852305362521
930,2010-08-15,8.30770596654951
931,2010-08-16,8.28071107566285
932,2010-08-17,8.74448811385292
933,2010-08-18,8.59137258959049
934,2010-08-19,8.44052810648075
935,2010-08-20,8.50976567558744
936,2010-08-21,8.35514473946184
937,2010-08-22,8.28096440055337
938,2010-08-23,8.44052810648075
939,2010-08-24,8.31385226739821
940,2010-08-25,8.08085641964099
941,2010-08-26,8.18590748148232
942,2010-08-27,8.85680335672838
943,2010-08-28,8.07309119969315
944,2010-08-29,8.14148104145742
945,2010-08-30,8.18785544369562
946,2010-08-31,8.11522197256233
947,2010-09-01,8.15908865466791
948,2010-09-02,8.20439841814938
949,2010-09-03,8.28500889544988
950,2010-09-04,8.08271113423758
951,2010-09-05,8.24564690087386
952,2010-09-06,8.2220164372022
953,2010-09-07,8.45126704130007
954,2010-09-08,8.5519810169019
955,2010-09-09,8.62515033292133
956,2010-09-10,9.13194630454817
957,2010-09-11,8.33997857199043
958,2010-09-12,9.86620096775011
959,2010-09-13,9.27077674078001
960,2010-09-14,8.77183540978982
961,2010-09-15,8.49474306257865
962,2010-09-16,8.61631428228404
963,2010-09-17,8.94780609305705
964,2010-09-18,9.07577987858049
965,2010-09-19,9.50046944807102
966,2010-09-20,11.4261031610143
967,2010-09-21,9.29550838434606
968,2010-09-22,8.61721950548336
969,2010-09-23,8.47699600166482
970,2010-09-24,8.32772616646141
971,2010-09-25,8.30375241556341
972,2010-09-26,9.330431852234
973,2010-09-27,9.41613428495528
974,2010-09-28,8.92292493064183
975,2010-09-29,8.44591198941127
976,2010-09-30,8.31115254800169
977,2010-10-01,8.27052509505507
978,2010-10-02,8.20166019080868
979,2010-10-03,9.00981411052738
980,2010-10-04,9.30909914399945
981,2010-10-05,9.12847934549586
982,2010-10-06,8.44741429680832
983,2010-10-07,8.25426877009018
984,2010-10-08,8.32482129876878
985,2010-10-09,8.10288913464087
986,2010-10-10,9.15957325492253
987,2010-10-11,8.85109068766498
988,2010-10-12,9.54057893384188
989,2010-10-13,8.49043845410742
990,2010-10-14,8.56464913257253
991,2010-10-15,8.352318548226
992,2010-10-16,8.10440130792161
993,2010-10-17,9.15334665045606
994,2010-10-18,10.0752957033132
995,2010-10-19,8.71800933084636
996,2010-10-20,8.34474275441755
997,2010-10-21,8.2630748358026
998,2010-10-22,8.25608813381491
999,2010-10-23,8.00869818298853
1000,2010-10-24,8.52971447196991
1001,2010-10-25,8.861350110796
1002,2010-10-26,9.78914235075127
1003,2010-10-27,8.50025047068593
1004,2010-10-28,8.40559101483493
1005,2010-10-29,8.9441588309704
1006,2010-10-30,8.866581653304
1007,2010-10-31,9.01456876745782
1008,2010-11-01,9.13010597926558
1009,2010-11-02,10.2465097200211
1010,2010-11-03,8.58969988220299
1011,2010-11-04,8.65067458279072
1012,2010-11-05,8.78124833323686
1013,2010-11-06,8.33302993974291
1014,2010-11-07,9.06762406977459
1015,2010-11-08,9.52332462729018
1016,2010-11-09,8.70996000607173
1017,2010-11-10,8.37101068123816
1018,2010-11-11,8.37770121259764
1019,2010-11-12,8.40043463080604
1020,2010-11-13,8.18283871076603
1021,2010-11-14,8.8750074860484
1022,2010-11-15,9.21034037197618
1023,2010-11-16,8.71456755083648
1024,2010-11-17,8.31752199628717
1025,2010-11-18,8.55929436743487
1026,2010-11-19,8.60465446718623
1027,2010-11-20,8.73375513136489
1028,2010-11-21,9.54057893384188
1029,2010-11-22,10.1616893196654
1030,2010-11-23,8.8167050156216
1031,2010-11-24,8.31409733540581
1032,2010-11-25,8.7106195279423
1033,2010-11-26,8.74369111054302
1034,2010-11-27,8.39231000926955
1035,2010-11-28,9.23073106162392
1036,2010-11-29,10.2561143136283
1037,2010-11-30,8.9138193508572
1038,2010-12-01,8.65032450401942
1039,2010-12-02,8.39004140575575
1040,2010-12-03,8.3091845276863
1041,2010-12-04,8.22228507387272
1042,2010-12-05,9.28238192484115
1043,2010-12-06,9.92260366972836
1044,2010-12-07,9.16889318206201
1045,2010-12-08,8.74830491237962
1046,2010-12-09,8.81507308884446
1047,2010-12-10,9.76330552193627
1048,2010-12-11,8.56883642456808
1049,2010-12-12,8.92611897115338
1050,2010-12-13,9.12891337328045
1051,2010-12-14,9.7195647143752
1052,2010-12-15,8.78124833323686
1053,2010-12-16,8.48838210956212
1054,2010-12-17,8.53640741034004
1055,2010-12-18,8.14409846333852
1056,2010-12-19,9.10664513563742
1057,2010-12-20,9.11569996782206
1058,2010-12-21,9.68421151274841
1059,2010-12-22,8.80011394676631
1060,2010-12-23,8.54752839121231
1061,2010-12-24,8.3221510702129
1062,2010-12-25,8.09529377684465
1063,2010-12-26,8.92345797969497
1064,2010-12-27,9.37974553683691
1065,2010-12-28,8.90327158572421
1066,2010-12-29,8.87556669199055
1067,2010-12-30,8.44139147799996
1068,2010-12-31,8.59674347017425
1069,2011-01-01,9.00969189848934
1070,2011-01-02,9.39897529082673
1071,2011-01-03,9.99392223000734
1072,2011-01-04,9.06149227523977
1073,2011-01-05,8.97119446318447
1074,2011-01-06,8.94689552388845
1075,2011-01-07,9.18696938565294
1076,2011-01-08,9.0980671294934
1077,2011-01-09,10.8781037947059
1078,2011-01-10,9.38269576445829
1079,2011-01-11,9.19897604189713
1080,2011-01-12,8.62119278143472
1081,2011-01-13,8.61323037961318
1082,2011-01-14,8.69517199877606
1083,2011-01-15,8.72029728739272
1084,2011-01-16,9.50031980347665
1085,2011-01-17,9.34757739028127
1086,2011-01-18,8.78370269863522
1087,2011-01-19,8.70217786562968
1088,2011-01-20,8.6821990260005
1089,2011-01-21,8.48363640788739
1090,2011-01-22,8.40916244720253
1091,2011-01-23,8.97309789628247
1092,2011-01-24,9.55030649785165
1093,2011-01-25,8.78630387828258
1094,2011-01-26,8.60813018640834
1095,2011-01-27,8.49494758246892
1096,2011-01-28,8.44870019497094
1097,2011-01-29,8.19174002127746
1098,2011-01-30,8.38091517312361
1099,2011-01-31,9.07394774707063
1100,2011-02-01,8.35608503102148
1101,2011-02-02,8.3485378253861
1102,2011-02-03,8.53503310954457
1103,2011-02-04,8.43489794868941
1104,2011-02-05,8.5354259596773
1105,2011-02-06,8.99168672593482
1106,2011-02-07,9.77713036365961
1107,2011-02-08,8.63887970967284
1108,2011-02-09,8.28324144138542
1109,2011-02-10,8.27333659850449
1110,2011-02-11,8.15908865466791
1111,2011-02-12,7.91352101728389
1112,2011-02-13,7.8407064517494
1113,2011-02-14,8.02486215028641
1114,2011-02-15,7.97143099776935
1115,2011-02-16,8.47782846789396
1116,2011-02-17,7.95787735848981
1117,2011-02-18,8.02355239240435
1118,2011-02-19,7.54908271081229
1119,2011-02-20,7.51969240411654
1120,2011-02-21,7.87169266432365
1121,2011-02-22,7.68156036255954
1122,2011-02-23,7.73236922228439
1123,2011-02-24,7.78239033558746
1124,2011-02-25,7.65633716643018
1125,2011-02-26,7.48324441607385
1126,2011-02-27,7.59890045687141
1127,2011-02-28,7.78613643778307
1128,2011-03-01,7.75061473277041
1129,2011-03-02,7.76472054477148
1130,2011-03-03,7.70481192293259
1131,2011-03-04,7.6586995582683
1132,2011-03-05,7.34729970074316
1133,2011-03-06,7.54433210805369
1134,2011-03-07,7.74716496652033
1135,2011-03-08,7.6889133368648
1136,2011-03-09,7.77064523412918
1137,2011-03-10,7.61184239958042
1138,2011-03-11,7.48773376143644
1139,2011-03-12,7.55747290161475
1140,2011-03-13,7.56837926783652
1141,2011-03-14,7.52563997504154
1142,2011-03-15,7.66199755890189
1143,2011-03-16,7.41637847919293
1144,2011-03-17,7.44366368311559
1145,2011-03-18,7.31654817718298
1146,2011-03-19,7.17472430983638
1147,2011-03-20,7.24779258176785
1148,2011-03-21,7.41397029019044
1149,2011-03-22,7.52940645783701
1150,2011-03-23,7.63964228785801
1151,2011-03-24,8.26975694753298
1152,2011-03-25,8.33134542484572
1153,2011-03-26,7.78447323573647
1154,2011-03-27,7.48099216286952
1155,2011-03-28,7.58781721999343
1156,2011-03-29,7.67182679787878
1157,2011-03-30,7.59739632021279
1158,2011-03-31,7.67740043051481
1159,2011-04-01,7.48436864328613
1160,2011-04-02,7.26122509197192
1161,2011-04-03,7.39203156751459
1162,2011-04-04,7.42833319419081
1163,2011-04-05,7.55747290161475
1164,2011-04-06,7.48885295573346
1165,2011-04-07,7.42714413340862
1166,2011-04-08,8.21527695893663
1167,2011-04-09,8.49371983523059
1168,2011-04-10,8.14322675036744
1169,2011-04-11,8.12177741916107
1170,2011-04-12,8.20794694104862
1171,2011-04-13,8.5197898172635
1172,2011-04-14,8.57470709761684
1173,2011-04-15,8.04782935745784
1174,2011-04-16,7.48773376143644
1175,2011-04-17,7.56631101477246
1176,2011-04-18,7.9976631270201
1177,2011-04-19,8.00836557031292
1178,2011-04-20,7.91498300584839
1179,2011-04-21,7.8804263442924
1180,2011-04-22,7.84893372636407
1181,2011-04-23,7.50823877467866
1182,2011-04-24,7.66058546170326
1183,2011-04-25,8.02747653086048
1184,2011-04-26,8.10046489102936
1185,2011-04-27,8.18088094199639
1186,2011-04-28,8.33351070898294
1187,2011-04-29,8.64100247714252
1188,2011-04-30,8.46315930292375
1189,2011-05-01,8.01201823915906
1190,2011-05-02,7.79564653633459
1191,2011-05-03,7.70571282389443
1192,2011-05-04,7.77863014732581
1193,2011-05-05,7.81237820598861
1194,2011-05-06,7.56164174558878
1195,2011-05-07,7.26332961747684
1196,2011-05-08,7.35564110297425
1197,2011-05-09,7.47477218239787
1198,2011-05-10,7.53422832627409
1199,2011-05-11,7.62997570702779
1200,2011-05-12,7.62608275807238
1201,2011-05-13,7.44483327389219
1202,2011-05-14,7.11963563801764
1203,2011-05-15,7.37023064180708
1204,2011-05-16,7.54115245513631
1205,2011-05-17,7.5137092478397
1206,2011-05-18,7.59034694560257
1207,2011-05-19,7.54802896993501
1208,2011-05-20,7.36833968631138
1209,2011-05-21,7.11314210870709
1210,2011-05-22,7.23705902612474
1211,2011-05-23,7.48717369421374
1212,2011-05-24,7.61233683716775
1213,2011-05-25,8.21716859576607
1214,2011-05-26,7.66669020008009
1215,2011-05-27,7.32646561384032
1216,2011-05-28,7.09340462586877
1217,2011-05-29,7.13966033596492
1218,2011-05-30,7.40367029001237
1219,2011-05-31,7.42595365707754
1220,2011-06-01,7.43779512167193
1221,2011-06-02,7.55328660560042
1222,2011-06-03,7.32184971378836
1223,2011-06-04,7.10332206252611
1224,2011-06-05,7.11069612297883
1225,2011-06-06,7.48211892355212
1226,2011-06-07,7.54591815120932
1227,2011-06-08,7.32778053842163
1228,2011-06-09,7.21964204013074
1229,2011-06-10,7.36327958696304
1230,2011-06-11,7.18841273649695
1231,2011-06-12,7.25063551189868
1232,2011-06-13,7.4500795698075
1233,2011-06-14,7.19743535409659
1234,2011-06-15,7.41938058291869
1235,2011-06-16,7.37963215260955
1236,2011-06-17,7.40306109109009
1237,2011-06-18,7.51588908521513
1238,2011-06-19,7.63723438878947
1239,2011-06-20,7.52617891334615
1240,2011-06-21,7.3185395485679
1241,2011-06-22,7.38212436573751
1242,2011-06-23,7.74975340627444
1243,2011-06-24,7.67600993202889
1244,2011-06-25,7.26612877955645
1245,2011-06-26,7.58324752430336
1246,2011-06-27,7.56682847920833
1247,2011-06-28,7.56008046502183
1248,2011-06-29,7.63288550539513
1249,2011-06-30,7.50052948539529
1250,2011-07-01,7.42356844425917
1251,2011-07-02,7.39018142822643
1252,2011-07-03,7.21007962817079
1253,2011-07-04,7.94555542825349
1254,2011-07-05,7.5999019592085
1255,2011-07-06,7.56268124672188
1256,2011-07-07,7.61184239958042
1257,2011-07-08,8.99998964246073
1258,2011-07-09,8.73793385811414
1259,2011-07-10,8.26796230533871
1260,2011-07-11,7.77904864492556
1261,2011-07-12,7.57865685059476
1262,2011-07-13,7.60539236481493
1263,2011-07-14,8.29179710504873
1264,2011-07-15,7.61775957660851
1265,2011-07-16,7.35883089834235
1266,2011-07-17,7.68662133494462
1267,2011-07-18,7.75362354655975
1268,2011-07-19,7.77904864492556
1269,2011-07-20,8.05706068196577
1270,2011-07-21,7.8984110928116
1271,2011-07-22,7.79729127354747
1272,2011-07-23,7.51534457118044
1273,2011-07-24,7.48268182815465
1274,2011-07-25,7.88683299895506
1275,2011-07-26,8.39728289474368
1276,2011-07-27,8.26770566476243
1277,2011-07-28,8.23615566168312
1278,2011-07-29,8.38890517111471
1279,2011-07-30,9.0788640091878
1280,2011-07-31,9.63299030483845
1281,2011-08-01,8.94780609305705
1282,2011-08-02,8.53934599605737
1283,2011-08-03,8.3478273457825
1284,2011-08-04,8.32530602975258
1285,2011-08-05,8.25556865328375
1286,2011-08-06,8.09712193091871
1287,2011-08-07,8.13593277200489
1288,2011-08-08,8.01895468315572
1289,2011-08-09,8.0861025356691
1290,2011-08-10,8.13329386122263
1291,2011-08-11,8.04974629095219
1292,2011-08-12,8.19063168090354
1293,2011-08-13,8.04334217044161
1294,2011-08-14,8.43814998407578
1295,2011-08-15,8.10741881171997
1296,2011-08-16,8.16876982367527
1297,2011-08-17,8.17470288246946
1298,2011-08-18,8.29129585190541
1299,2011-08-19,8.3059782109673
1300,2011-08-20,8.42310226801664
1301,2011-08-21,8.75621009188674
1302,2011-08-22,8.72583205652757
1303,2011-08-23,8.70748291785937
1304,2011-08-24,8.51077262361331
1305,2011-08-25,8.70217786562968
1306,2011-08-26,8.580543506917
1307,2011-08-27,9.22542600939422
1308,2011-08-28,8.41116578677071
1309,2011-08-29,8.45190772471761
1310,2011-08-30,8.77183540978982
1311,2011-08-31,8.23880116587155
1312,2011-09-01,8.15708378502887
1313,2011-09-03,8.03915739047324
1314,2011-09-04,8.1185050675871
1315,2011-09-05,9.18563775933581
1316,2011-09-06,9.15239341202133
1317,2011-09-07,9.02617712030286
1318,2011-09-08,9.74226190403691
1319,2011-09-09,10.0828463914793
1320,2011-09-10,9.11107237031751
1321,2011-09-11,9.73878978049572
1322,2011-09-12,9.614938437645
1323,2011-09-13,9.34801317710126
1324,2011-09-14,8.55429627936774
1325,2011-09-15,8.44955654270043
1326,2011-09-16,8.43054538469057
1327,2011-09-17,8.60538720215215
1328,2011-09-18,9.219894584781
1329,2011-09-19,9.50076867009599
1330,2011-09-20,9.52230033688749
1331,2011-09-21,8.47886807709457
1332,2011-09-22,8.28349412616251
1333,2011-09-23,8.26898820950666
1334,2011-09-24,8.28324144138542
1335,2011-09-25,9.03013657115323
1336,2011-09-26,10.2525586604481
1337,2011-09-27,9.16659744902826
1338,2011-09-28,8.27537637483641
1339,2011-09-29,8.3466420902212
1340,2011-09-30,8.42156296040099
1341,2011-10-01,8.19450550976564
1342,2011-10-02,8.87766093359367
1343,2011-10-03,8.9941724343984
1344,2011-10-04,9.55676293945056
1345,2011-10-05,8.4144957931779
1346,2011-10-06,8.31139827843664
1347,2011-10-07,8.365672383775
1348,2011-10-08,8.14902386805177
1349,2011-10-09,8.96826881077645
1350,2011-10-10,8.88322423027899
1351,2011-10-11,8.70450228972123
1352,2011-10-12,8.23297179059344
1353,2011-10-13,8.17301131172497
1354,2011-10-14,8.13446757027756
1355,2011-10-15,8.83433697401764
1356,2011-10-16,9.08975340898706
1357,2011-10-17,9.0107912695156
1358,2011-10-18,8.71751837264977
1359,2011-10-19,8.42200300441249
1360,2011-10-21,8.20712916807133
1361,2011-10-22,8.05484022110102
1362,2011-10-23,8.83156587912106
1363,2011-10-24,10.1827467519768
1364,2011-10-25,8.80986280537906
1365,2011-10-26,8.76013937002663
1366,2011-10-27,8.88502565805085
1367,2011-10-28,8.56159277871292
1368,2011-10-29,8.2495751500002
1369,2011-10-30,9.35660287895444
1370,2011-10-31,9.12750209366718
1371,2011-11-01,8.79102985704596
1372,2011-11-02,8.65347080970879
1373,2011-11-03,8.74337213127397
1374,2011-11-04,8.86742743852498
1375,2011-11-05,8.44009614103127
1376,2011-11-06,9.37568530456302
1377,2011-11-07,9.74102744483773
1378,2011-11-08,8.83622857152601
1379,2011-11-09,8.46104603079324
1380,2011-11-10,8.21635833238616
1381,2011-11-11,8.22844388300403
1382,2011-11-12,8.0471895621705
1383,2011-11-13,9.07234187381889
1384,2011-11-14,9.46761478200654
1385,2011-11-15,8.98669669562029
1386,2011-11-16,8.43923164994653
1387,2011-11-17,8.42398080969406
1388,2011-11-18,8.58802437217683
1389,2011-11-19,8.25400859056484
1390,2011-11-20,8.74512525946224
1391,2011-11-21,9.49514330367712
1392,2011-11-22,8.72469504674049
1393,2011-11-23,8.35960327084147
1394,2011-11-24,8.76374072050946
1395,2011-11-25,8.7279402223939
1396,2011-11-26,8.38548870041881
1397,2011-11-27,9.3130774494273
1398,2011-11-28,9.3061958576197
1399,2011-11-29,9.84675845829004
1400,2011-11-30,8.79679268767466
1401,2011-12-01,8.64611397148308
1402,2011-12-02,8.9398431242785
1403,2011-12-03,8.84375938191798
1404,2011-12-04,9.7005142080113
1405,2011-12-05,9.53914039514886
1406,2011-12-06,8.9082888855571
1407,2011-12-07,9.02183976410551
1408,2011-12-08,9.10963566785455
1409,2011-12-09,8.87164566750187
1410,2011-12-10,8.38228942895144
1411,2011-12-11,9.23229753932823
1412,2011-12-12,9.85287823470959
1413,2011-12-13,8.84707231256781
1414,2011-12-14,8.53346016388011
1415,2011-12-15,8.58802437217683
1416,2011-12-16,8.48549610467298
1417,2011-12-17,8.18979961872823
1418,2011-12-18,9.49687178267057
1419,2011-12-19,9.46280968867222
1420,2011-12-20,8.84347078162738
1421,2011-12-21,8.36310917603352
1422,2011-12-22,8.60575336839572
1423,2011-12-23,6.58617165485467
1424,2011-12-26,7.63578686139558
1425,2011-12-27,9.24879155835043
1426,2011-12-28,8.88072457615146
1427,2011-12-29,8.69617584694468
1428,2011-12-30,8.45382731579442
1429,2011-12-31,8.14467918344776
1430,2012-01-01,9.07635173197287
1431,2012-01-02,10.2446985435045
1432,2012-01-03,9.85828095969805
1433,2012-01-04,9.18758338485357
1434,2012-01-05,8.76248954737158
1435,2012-01-06,8.5016733797582
1436,2012-01-07,8.65521448931361
1437,2012-01-08,10.0388921895423
1438,2012-01-09,9.46436224293533
1439,2012-01-10,8.97309789628247
1440,2012-01-11,8.95557714628151
1441,2012-01-12,8.91945316857545
1442,2012-01-13,8.72631895096224
1443,2012-01-14,8.73921611506174
1444,2012-01-15,10.26196586942
1445,2012-01-16,10.5694947531438
1446,2012-01-17,9.56120848888113
1447,2012-01-18,9.60400276796519
1448,2012-01-19,10.0861007334703
1449,2012-01-20,9.72841962445348
1450,2012-01-21,9.41205597587677
1451,2012-01-22,9.84357829978222
1452,2012-01-23,11.5721750241742
1453,2012-01-24,10.2817184876905
1454,2012-01-25,10.1697672187275
1455,2012-01-26,9.68290322361684
1456,2012-01-27,9.89550578279447
1457,2012-01-28,9.37627844951961
1458,2012-01-29,9.58217975243469
1459,2012-01-30,10.3414521187349
1460,2012-01-31,10.3339704236196
1461,2012-02-01,10.2182252970113
1462,2012-02-02,9.73406247747719
1463,2012-02-03,10.1874627630566
1464,2012-02-04,9.88857693980037
1465,2012-02-05,11.075086947327
1466,2012-02-06,12.6735418157462
1467,2012-02-07,10.9246967023573
1468,2012-02-08,10.1815358690196
1469,2012-02-09,9.86339445896968
1470,2012-02-10,9.92573816147095
1471,2012-02-11,9.40153907670774
1472,2012-02-12,9.33441468707811
1473,2012-02-13,9.14750706280461
1474,2012-02-14,8.91395385889425
1475,2012-02-15,9.1801903950253
1476,2012-02-16,9.05718919248201
1477,2012-02-17,8.71275997496021
1478,2012-02-18,8.40312823512826
1479,2012-02-19,8.29479935899257
1480,2012-02-20,9.11591979635669
1481,2012-02-21,8.95156964301882
1482,2012-02-22,8.3513747067213
1483,2012-02-23,8.65381978894806
1484,2012-02-24,8.6429443967218
1485,2012-02-25,8.71620797115185
1486,2012-02-26,8.36497397843873
1487,2012-02-27,8.37378460812088
1488,2012-02-28,8.51719319141624
1489,2012-02-29,8.31825432879885
1490,2012-03-01,8.39547743273214
1491,2012-03-02,8.3228800217699
1492,2012-03-03,8.24564690087386
1493,2012-03-04,8.63194942871443
1494,2012-03-05,8.31066090590723
1495,2012-03-06,8.43294163896865
1496,2012-03-07,11.6448305358502
1497,2012-03-08,11.3632879189498
1498,2012-03-09,10.6929444132335
1499,2012-03-10,10.3343929611261
1500,2012-03-11,9.98608085083998
1501,2012-03-12,10.2820952064744
1502,2012-03-13,10.1943645158844
1503,2012-03-14,10.0954706196007
1504,2012-03-15,10.1468650106811
1505,2012-03-16,10.140888975597
1506,2012-03-17,10.2095373998461
1507,2012-03-18,10.033682134194
1508,2012-03-19,11.0828346170357
1509,2012-03-20,11.1744832892926
1510,2012-03-21,10.7792895676801
1511,2012-03-22,9.9475044379529
1512,2012-03-23,9.37602428761711
1513,2012-03-24,8.99776577201121
1514,2012-03-25,8.83287946027762
1515,2012-03-26,8.89822898560123
1516,2012-03-27,8.76467807411661
1517,2012-03-28,8.54110501146255
1518,2012-03-29,8.39615486303918
1519,2012-03-30,8.31238059678675
1520,2012-03-31,8.34117174717076
1521,2012-04-01,8.1300590399928
1522,2012-04-02,8.35819745992578
1523,2012-04-03,8.35561499576018
1524,2012-04-04,8.18172045512811
1525,2012-04-05,8.10952565975287
1526,2012-04-06,8.06463647577422
1527,2012-04-07,7.82324569068552
1528,2012-04-08,7.85476918349913
1529,2012-04-09,8.10167774745457
1530,2012-04-10,8.09040229659332
1531,2012-04-11,7.98989937494294
1532,2012-04-12,8.09894674894334
1533,2012-04-13,8.65381978894806
1534,2012-04-14,8.04109100370863
1535,2012-04-15,8.04974629095219
1536,2012-04-16,8.22147894726719
1537,2012-04-17,8.17075142375753
1538,2012-04-18,8.3354314778808
1539,2012-04-19,8.25660734462616
1540,2012-04-20,8.05769419481559
1541,2012-04-21,7.70796153183549
1542,2012-04-22,7.91717198884578
1543,2012-04-23,8.2602342916073
1544,2012-04-24,8.28803156777646
1545,2012-04-25,8.36869318309779
1546,2012-04-26,8.63355299253243
1547,2012-04-27,9.27246974344173
1548,2012-04-28,8.67556352738768
1549,2012-04-29,8.48342956126343
1550,2012-05-01,8.17188200612782
1551,2012-05-02,8.20658361432075
1552,2012-05-03,8.18896686364888
1553,2012-05-04,8.03073492409854
1554,2012-05-05,8.05484022110102
1555,2012-05-06,9.15514473650823
1556,2012-05-07,8.83331693749932
1557,2012-05-08,8.34972083747249
1558,2012-05-09,8.18339736999843
1559,2012-05-10,7.95647679803678
1560,2012-05-11,7.86940171257709
1561,2012-05-12,7.70930833338587
1562,2012-05-13,7.81923445385907
1563,2012-05-14,7.83241092718792
1564,2012-05-15,7.88683299895506
1565,2012-05-16,8.03786623470962
1566,2012-05-17,7.952615111651
1567,2012-05-18,7.76768727718691
1568,2012-05-19,7.47816969415979
1569,2012-05-20,7.539027055824
1570,2012-05-21,7.99799931797973
1571,2012-05-22,8.30967689598773
1572,2012-05-23,8.02878116248715
1573,2012-05-24,7.79028238070348
1574,2012-05-25,7.76174498465891
1575,2012-05-26,7.47647238116391
1576,2012-05-27,7.63964228785801
1577,2012-05-28,7.65586401761606
1578,2012-05-29,7.81963630236759
1579,2012-05-30,7.81359155295243
1580,2012-05-31,7.99057688174392
1581,2012-06-01,7.81278281857758
1582,2012-06-02,7.65775527113487
1583,2012-06-03,7.69439280262942
1584,2012-06-04,7.84149292446001
1585,2012-06-05,7.93343838762749
1586,2012-06-06,7.6511201757027
1587,2012-06-07,7.72356247227797
1588,2012-06-08,7.88004820097158
1589,2012-06-09,7.94093976232779
1590,2012-06-10,7.75876054415766
1591,2012-06-11,7.63336964967958
1592,2012-06-12,7.84854348245668
1593,2012-06-13,7.89729647259588
1594,2012-06-14,7.72223474470961
1595,2012-06-15,7.71244383427499
1596,2012-06-16,7.53955882930103
1597,2012-06-17,7.91169052070834
1598,2012-06-18,7.80139132029149
1599,2012-06-19,8.4013333053217
1600,2012-06-20,8.18144069571937
1601,2012-06-21,7.86288203464149
1602,2012-06-22,7.92407232492342
1603,2012-06-23,7.56682847920833
1604,2012-06-24,7.51914995766982
1605,2012-06-25,7.64873978895624
1606,2012-06-26,7.77064523412918
1607,2012-06-27,7.60986220091355
1608,2012-06-28,7.59186171488993
1609,2012-06-29,7.539027055824
1610,2012-06-30,7.34536484041687
1611,2012-07-01,7.46336304552002
1612,2012-07-02,7.51479976048867
1613,2012-07-03,7.6425241342329
1614,2012-07-04,7.67600993202889
1615,2012-07-05,7.55799495853081
1616,2012-07-06,7.6889133368648
1617,2012-07-07,7.60638738977265
1618,2012-07-08,7.58222919427646
1619,2012-07-09,7.74196789982069
1620,2012-07-10,7.78239033558746
1621,2012-07-11,8.00636756765025
1622,2012-07-12,8.65102453904976
1623,2012-07-13,8.40357646462927
1624,2012-07-14,8.3850322878139
1625,2012-07-15,8.02812905943176
1626,2012-07-16,7.95787735848981
1627,2012-07-17,7.99530662029082
1628,2012-07-18,7.99226864327075
1629,2012-07-19,7.9359451033537
1630,2012-07-20,7.98786409608569
1631,2012-07-21,7.78364059622125
1632,2012-07-22,7.8087293067444
1633,2012-07-23,8.0532511535491
1634,2012-07-24,7.97590836016554
1635,2012-07-25,8.12237124340655
1636,2012-07-26,8.55986946569667
1637,2012-07-27,8.9274468162562
1638,2012-07-28,8.28576542051433
1639,2012-07-29,8.28399930424853
1640,2012-07-30,8.16337131645991
1641,2012-07-31,7.91425227874244
1642,2012-08-01,7.86441990499457
1643,2012-08-02,8.07215530818825
1644,2012-08-03,8.0802374162167
1645,2012-08-04,8.12088602109284
1646,2012-08-05,8.11312710422178
1647,2012-08-06,8.14438886554762
1648,2012-08-07,8.06463647577422
1649,2012-08-08,7.944846711002
1650,2012-08-09,8.24143968982973
1651,2012-08-10,9.00736702745136
1652,2012-08-11,8.66233195708248
1653,2012-08-12,8.80056599227992
1654,2012-08-13,8.3742461820963
1655,2012-08-14,8.56407677731509
1656,2012-08-15,8.38434727808281
1657,2012-08-16,8.12651816878071
1658,2012-08-17,8.39072252736229
1659,2012-08-18,8.3351915834332
1660,2012-08-19,8.9278448262117
1661,2012-08-20,9.0079793598445
1662,2012-08-21,8.37816098272068
1663,2012-08-22,8.20330402679528
1664,2012-08-23,8.38571682862785
1665,2012-08-24,8.31115254800169
1666,2012-08-25,8.74145611599836
1667,2012-08-26,9.44295889365291
1668,2012-08-27,9.14590851181679
1669,2012-08-28,8.58951385299586
1670,2012-08-29,8.46484671104403
1671,2012-08-30,8.36590507720246
1672,2012-08-31,8.56541176368671
1673,2012-09-01,8.4724050086261
1674,2012-09-02,8.96648377906443
1675,2012-09-03,8.56006109164341
1676,2012-09-04,8.4690528160883
1677,2012-09-05,8.74385056203024
1678,2012-09-06,10.0138206842205
1679,2012-09-07,8.69114649853968
1680,2012-09-08,8.78094111357239
1681,2012-09-09,9.83900236330972
1682,2012-09-10,11.614940390377
1683,2012-09-11,9.62865589206317
1684,2012-09-12,8.78293635634926
1685,2012-09-13,8.68118104152169
1686,2012-09-14,9.00097644407034
1687,2012-09-15,8.74623928838306
1688,2012-09-16,9.8072519446553
1689,2012-09-17,9.61266722758384
1690,2012-09-18,10.5920994642943
1691,2012-09-19,8.75542238014849
1692,2012-09-20,8.56063574925907
1693,2012-09-21,9.40516674990861
1694,2012-09-22,8.45807992692373
1695,2012-09-23,9.54959444997195
1696,2012-09-24,9.60602446822924
1697,2012-09-25,8.67726913926287
1698,2012-09-26,8.17103418920548
1699,2012-09-27,8.24143968982973
1700,2012-09-28,8.51097389160232
1701,2012-09-29,8.32360844234357
1702,2012-09-30,9.25922576970599
1703,2012-10-01,9.84966474583862
1704,2012-10-02,8.83317113302287
1705,2012-10-03,8.49780647761605
1706,2012-10-04,8.63408694288774
1707,2012-10-05,9.04227668692893
1708,2012-10-06,8.55004752828718
1709,2012-10-07,9.81809304951918
1710,2012-10-08,9.9020865716205
1711,2012-10-09,8.91637191488169
1712,2012-10-10,8.33206770728955
1713,2012-10-11,8.23668532271246
1714,2012-10-12,8.40178233990491
1715,2012-10-13,8.24170315972982
1716,2012-10-14,9.03562977818356
1717,2012-10-15,9.10409057213347
1718,2012-10-16,10.8321415433937
1719,2012-10-17,8.7787879291047
1720,2012-10-18,8.48011418317482
1721,2012-10-19,8.48941081040379
1722,2012-10-20,8.25062008217469
1723,2012-10-21,9.54344981789221
1724,2012-10-22,9.09717167387054
1725,2012-10-23,8.66939912430557
1726,2012-10-24,8.34924780056679
1727,2012-10-25,8.34069464792507
1728,2012-10-26,8.49474306257865
1729,2012-10-27,8.53326337159373
1730,2012-10-28,9.21979553074694
1731,2012-10-29,10.4442990717924
1732,2012-10-30,8.87696334026227
1733,2012-10-31,8.68185981297147
1734,2012-11-01,8.49821422481843
1735,2012-11-02,8.56845648535378
1736,2012-11-03,8.45871626165726
1737,2012-11-04,9.71818154670121
1738,2012-11-05,9.68700923909068
1739,2012-11-06,8.83010431791379
1740,2012-11-07,8.38799525294456
1741,2012-11-08,8.4984180360899
1742,2012-11-09,8.84721610435754
1743,2012-11-10,8.28096440055337
1744,2012-11-11,9.26492324974647
1745,2012-11-12,9.11173476822206
1746,2012-11-13,8.70682132339263
1747,2012-11-14,8.33182700443606
1748,2012-11-15,8.36660283278374
1749,2012-11-16,8.27690348126706
1750,2012-11-17,8.12946976478423
1751,2012-11-18,9.17915925449261
1752,2012-11-19,9.68558026801716
1753,2012-11-20,8.65521448931361
1754,2012-11-21,8.29454951514368
1755,2012-11-22,8.6522484224091
1756,2012-11-23,8.92970011431345
1757,2012-11-24,8.3959291039232
1758,2012-11-25,9.46753746341524
1759,2012-11-26,9.88979422540413
1760,2012-11-27,8.84922702143852
1761,2012-11-28,8.61431990214696
1762,2012-11-29,8.48156601377309
1763,2012-11-30,8.74909824839902
1764,2012-12-01,8.65364531455174
1765,2012-12-02,9.3482745580655
1766,2012-12-03,9.67683786189263
1767,2012-12-04,9.64290170574605
1768,2012-12-05,8.72891172506098
1769,2012-12-06,8.77894188184151
1770,2012-12-07,9.96057651952026
1771,2012-12-08,8.73777346032728
1772,2012-12-09,9.25263328416643
1773,2012-12-10,9.26624800391448
1774,2012-12-11,9.42730487221368
1775,2012-12-12,8.79300509129753
1776,2012-12-13,8.70300863746445
1777,2012-12-14,8.43944784279138
1778,2012-12-15,8.29104513108173
1779,2012-12-16,9.31325790598287
1780,2012-12-17,9.34792603492875
1781,2012-12-18,8.791486026749
1782,2012-12-19,8.51899157335762
1783,2012-12-20,8.41294317004244
1784,2012-12-21,8.29679586577005
1785,2012-12-22,8.21256839823415
1786,2012-12-23,9.25655579577315
1787,2012-12-24,9.65226597708712
1788,2012-12-25,8.63746202380718
1789,2012-12-26,8.60776488960062
1790,2012-12-27,8.96533457380484
1791,2012-12-28,8.68372406230387
1792,2012-12-29,8.53267276226462
1793,2012-12-30,9.49016666846238
1794,2012-12-31,10.142858720955
1795,2013-01-01,9.11162439903702
1796,2013-01-02,9.08500388066489
1797,2013-01-03,9.05508908670489
1798,2013-01-04,9.33626792857397
1799,2013-01-05,9.23960786965675
1800,2013-01-06,10.1327324527083
1801,2013-01-07,9.49122438992696
1802,2013-01-08,9.1122864315008
1803,2013-01-09,9.06357899058078
1804,2013-01-10,8.97297111339799
1805,2013-01-11,9.14548179962769
1806,2013-01-12,10.5418617072488
1807,2013-01-13,11.5075208865114
1808,2013-01-14,10.1931676276506
1809,2013-01-15,9.27995971385624
1810,2013-01-16,8.84635304331433
1811,2013-01-17,8.73262709966039
1812,2013-01-18,8.65504025810836
1813,2013-01-19,8.45446636150793
1814,2013-01-20,8.96367227561502
1815,2013-01-21,10.0210927946104
1816,2013-01-22,9.00565049932022
1817,2013-01-23,8.86092472971904
1818,2013-01-24,8.58522560180806
1819,2013-01-25,8.536211197252
1820,2013-01-26,8.45850419506756
1821,2013-01-27,8.53444354482276
1822,2013-01-28,10.1042218823372
1823,2013-01-29,8.65067458279072
1824,2013-01-30,8.51218064959269
1825,2013-01-31,8.48549610467298
1826,2013-02-01,8.57791192645094
1827,2013-02-02,8.54985397365579
1828,2013-02-03,9.60622641363735
1829,2013-02-04,10.0261917925116
1830,2013-02-05,8.87024156729927
1831,2013-02-06,8.52793528794814
1832,2013-02-07,8.38343320123671
1833,2013-02-08,8.20083725837985
1834,2013-02-09,8.09285102753838
1835,2013-02-10,8.03883475778775
1836,2013-02-11,8.08641027532378
1837,2013-02-12,8.03657340970731
1838,2013-02-13,7.97522083865341
1839,2013-02-14,7.84267147497946
1840,2013-02-15,7.8935720735049
1841,2013-02-16,7.81762544305337
1842,2013-02-17,7.82284529027977
1843,2013-02-18,7.9672801789422
1844,2013-02-19,8.00670084544037
1845,2013-02-20,7.91132401896335
1846,2013-02-21,7.85166117788927
1847,2013-02-22,7.87207397986687
1848,2013-02-23,7.75362354655975
1849,2013-02-24,7.68294316987829
1850,2013-02-25,7.84384863815247
1851,2013-02-26,8.19146305132693
1852,2013-02-27,7.97831096986772
1853,2013-02-28,7.92334821193015
1854,2013-03-01,7.87131120332341
1855,2013-03-02,7.74370325817375
1856,2013-03-03,7.77863014732581
1857,2013-03-04,7.83518375526675
1858,2013-03-05,7.83834331555712
1859,2013-03-06,7.84619881549743
1860,2013-03-07,7.92044650514261
1861,2013-03-08,7.75790620835175
1862,2013-03-09,7.58629630715272
1863,2013-03-10,7.51479976048867
1864,2013-03-11,7.75790620835175
1865,2013-03-12,7.80343505695217
1866,2013-03-13,8.07899825868515
1867,2013-03-14,8.38068594676157
1868,2013-03-15,8.0643219609108
1869,2013-03-16,7.85282781228174
1870,2013-03-17,7.90396563403217
1871,2013-03-18,7.84463264446468
1872,2013-03-19,7.88945914940452
1873,2013-03-20,8.22550309756692
1874,2013-03-21,8.54071438645758
1875,2013-03-22,8.01928379291679
1876,2013-03-23,7.83122021460429
1877,2013-03-24,8.43315919580623
1878,2013-03-25,8.09620827165004
1879,2013-03-26,7.86633892304654
1880,2013-03-27,7.77904864492556
1881,2013-03-28,7.77359446736019
1882,2013-03-29,7.77275271646874
1883,2013-03-30,7.76811037852599
1884,2013-03-31,7.48099216286952
1885,2013-04-01,7.74370325817375
1886,2013-04-02,7.5963923040642
1887,2013-04-03,7.68063742756094
1888,2013-04-04,7.53849499941346
1889,2013-04-05,7.4500795698075
1890,2013-04-06,7.44307837434852
1891,2013-04-07,7.54855597916987
1892,2013-04-08,7.64060382639363
1893,2013-04-09,7.67647364638916
1894,2013-04-10,7.56734567601324
1895,2013-04-11,8.07682603129881
1896,2013-04-12,7.70120018085745
1897,2013-04-13,7.36833968631138
1898,2013-04-14,7.3664451483276
1899,2013-04-15,7.48661331313996
1900,2013-04-16,7.5740450053722
1901,2013-04-17,7.568895663407
1902,2013-04-18,7.63964228785801
1903,2013-04-19,7.85321638815607
1904,2013-04-20,7.31188616407716
1905,2013-04-21,7.53636393840451
1906,2013-04-22,7.68248244653451
1907,2013-04-23,7.73193072194849
1908,2013-04-24,8.01201823915906
1909,2013-04-25,7.98036576511125
1910,2013-04-26,8.17131687471973
1911,2013-04-27,7.97796809312855
1912,2013-04-28,7.79482315217939
1913,2013-04-29,8.30424746507847
1914,2013-04-30,8.05642676752298
1915,2013-05-01,7.77779262633883
1916,2013-05-02,8.22897764335831
1917,2013-05-03,7.900636613018
1918,2013-05-04,7.46164039220858
1919,2013-05-05,7.54908271081229
1920,2013-05-06,7.81681996576455
1921,2013-05-07,7.72223474470961
1922,2013-05-08,7.71556953452021
1923,2013-05-09,7.72621265050753
1924,2013-05-10,7.58171964012531
1925,2013-05-11,7.26542972325395
1926,2013-05-12,7.30114780585603
1927,2013-05-13,7.47420480649612
1928,2013-05-14,7.58882987830781
1929,2013-05-15,7.61085279039525
1930,2013-05-16,7.64778604544093
1931,2013-05-17,7.60190195987517
1932,2013-05-18,7.25417784645652
1933,2013-05-19,7.1800698743028
1934,2013-05-20,7.37713371283395
1935,2013-05-21,7.57507169950756
1936,2013-05-22,7.50714107972761
1937,2013-05-23,7.58578882173203
1938,2013-05-24,7.40731771046942
1939,2013-05-25,7.03085747611612
1940,2013-05-26,7.15070145759253
1941,2013-05-27,7.25417784645652
1942,2013-05-28,7.45066079621154
1943,2013-05-29,7.55118686729615
1944,2013-05-30,7.61332497954064
1945,2013-05-31,7.42714413340862
1946,2013-06-01,7.350516171834
1947,2013-06-02,7.28824440102012
1948,2013-06-03,7.434847875212
1949,2013-06-04,7.53743003658651
1950,2013-06-05,7.35244110024358
1951,2013-06-06,7.28207365809346
1952,2013-06-07,7.3031700512368
1953,2013-06-08,7.29369772060144
1954,2013-06-09,7.22983877815125
1955,2013-06-10,7.57507169950756
1956,2013-06-11,7.97418866928601
1957,2013-06-12,7.61579107203583
1958,2013-06-13,7.47420480649612
1959,2013-06-14,7.33432935030054
1960,2013-06-15,7.31920245876785
1961,2013-06-16,7.40488757561612
1962,2013-06-17,7.42476176182321
1963,2013-06-18,7.47022413589997
1964,2013-06-19,7.36770857237437
1965,2013-06-20,7.2841348061952
1966,2013-06-21,7.32580750259577
1967,2013-06-22,7.29097477814298
1968,2013-06-23,7.19142933003638
1969,2013-06-24,7.28961052145117
1970,2013-06-25,7.33236920592906
1971,2013-06-26,7.39572160860205
1972,2013-06-27,7.56734567601324
1973,2013-06-28,7.62119516280984
1974,2013-06-29,7.26892012819372
1975,2013-06-30,7.26961674960817
1976,2013-07-01,7.30787278076371
1977,2013-07-02,7.28138566357028
1978,2013-07-03,7.32118855673948
1979,2013-07-04,7.51207124583547
1980,2013-07-05,7.50052948539529
1981,2013-07-06,7.11314210870709
1982,2013-07-07,7.1420365747068
1983,2013-07-08,7.32383056620232
1984,2013-07-09,7.42892719480227
1985,2013-07-10,7.52886925664225
1986,2013-07-11,7.41997992366183
1987,2013-07-12,7.4730690880322
1988,2013-07-13,7.3375877435386
1989,2013-07-14,7.35436233042148
1990,2013-07-15,7.58273848891441
1991,2013-07-16,7.62608275807238
1992,2013-07-17,7.7596141506969
1993,2013-07-18,7.94058382710424
1994,2013-07-19,7.59085212368858
1995,2013-07-20,7.41818082272679
1996,2013-07-21,7.41155628781116
1997,2013-07-22,7.59789795052178
1998,2013-07-24,6.63594655568665
1999,2013-07-25,7.64730883235624
2000,2013-07-26,7.82763954636642
2001,2013-07-27,7.63385355968177
2002,2013-07-28,8.53030683056162
2003,2013-07-29,8.52951694110507
2004,2013-07-30,7.85127199710988
2005,2013-07-31,7.79564653633459
2006,2013-08-01,7.58222919427646
2007,2013-08-02,7.43897159239586
2008,2013-08-03,7.63867982387611
2009,2013-08-04,7.52725591937378
2010,2013-08-05,7.72488843932307
2011,2013-08-06,7.91352101728389
2012,2013-08-07,8.65956043270316
2013,2013-08-08,8.29579811063615
2014,2013-08-09,8.13241267450091
2015,2013-08-10,7.92551897978693
2016,2013-08-11,7.82843635915759
2017,2013-08-12,7.84424071814181
2018,2013-08-13,7.77695440332244
2019,2013-08-14,7.76684053708551
2020,2013-08-15,7.78986855905471
2021,2013-08-16,7.69393732550927
2022,2013-08-17,7.71556953452021
2023,2013-08-18,8.15277405274407
2024,2013-08-19,8.2529671950008
2025,2013-08-20,7.94129557090653
2026,2013-08-21,7.80954132465341
2027,2013-08-22,7.81923445385907
2028,2013-08-23,7.81237820598861
2029,2013-08-24,7.54538974961182
2030,2013-08-25,8.47428569040496
2031,2013-08-26,7.79193595693806
2032,2013-08-27,7.66809370908241
2033,2013-08-28,7.80547462527086
2034,2013-08-29,7.9672801789422
2035,2013-08-30,7.99429498641598
2036,2013-08-31,7.80954132465341
2037,2013-09-01,8.70317470904168
2038,2013-09-02,7.9672801789422
2039,2013-09-03,8.09620827165004
2040,2013-09-04,8.03786623470962
2041,2013-09-05,8.58016799057763
2042,2013-09-06,10.8718582692757
2043,2013-09-07,9.19248185367487
2044,2013-09-08,9.15069651904867
2045,2013-09-09,9.82319898130729
2046,2013-09-10,8.76888532613486
2047,2013-09-11,8.50855599802057
2048,2013-09-12,8.72972059026726
2049,2013-09-13,8.92145757894788
2050,2013-09-14,8.52991196382401
2051,2013-09-15,10.4159817834027
2052,2013-09-16,10.3369892693381
2053,2013-09-17,9.14644164612595
2054,2013-09-18,8.50875771259514
2055,2013-09-19,8.38617292897783
2056,2013-09-20,8.36100710822691
2057,2013-09-21,8.12976444579417
2058,2013-09-22,8.73198193834769
2059,2013-09-23,8.73584667745758
2060,2013-09-24,10.8196982812101
2061,2013-09-25,10.6590929669357
2062,2013-09-26,9.84945366404364
2063,2013-09-27,8.88820487145502
2064,2013-09-28,8.92771217382708
2065,2013-09-29,9.66738540005753
2066,2013-09-30,10.1635029066262
2067,2013-10-01,9.3379417165699
2068,2013-10-02,9.17719715338293
2069,2013-10-03,8.87905466204227
2070,2013-10-04,8.57866451350434
2071,2013-10-05,8.73004395324502
2072,2013-10-06,9.9533247873833
2073,2013-10-07,10.2387447656008
2074,2013-10-08,9.20311432688444
2075,2013-10-09,8.74719318352693
2076,2013-10-10,8.77554943448619
2077,2013-10-11,9.2098402469345
2078,2013-10-12,8.52813313145457
2079,2013-10-13,9.05765528431053
2080,2013-10-14,9.42294862137501
2081,2013-10-15,9.02917814290207
2082,2013-10-16,9.09773142759353
2083,2013-10-17,9.44809663565824
2084,2013-10-18,9.11250701162742
2085,2013-10-19,8.80267284031282
2086,2013-10-20,9.20843856468659
2087,2013-10-21,11.0470891404358
2088,2013-10-22,9.32758993202642
2089,2013-10-23,8.67880170661265
2090,2013-10-24,8.57659353469768
2091,2013-10-25,8.43598313599069
2092,2013-10-26,8.19007704971905
2093,2013-10-27,9.06044728240157
2094,2013-10-28,9.27030595314362
2095,2013-10-29,8.5016733797582
2096,2013-10-30,8.18729927015515
2097,2013-10-31,8.0959035329611
2098,2013-11-01,8.04334217044161
2099,2013-11-02,7.952615111651
2100,2013-11-03,8.39908510293591
2101,2013-11-04,8.79102985704596
2102,2013-11-05,8.3030093814735
2103,2013-11-06,8.11910083763749
2104,2013-11-07,8.23031079913502
2105,2013-11-08,8.15765701519647
2106,2013-11-09,7.82923253754359
2107,2013-11-10,8.57395152523485
2108,2013-11-11,9.61132880805727
2109,2013-11-12,8.92385758009988
2110,2013-11-13,8.3654396361887
2111,2013-11-14,8.31188955823036
2112,2013-11-15,8.63141433550626
2113,2013-11-16,8.45382731579442
2114,2013-11-17,8.90585118120802
2115,2013-11-18,10.8674821444793
2116,2013-11-19,9.15514473650823
2117,2013-11-20,8.43944784279138
2118,2013-11-21,8.44354665124794
2119,2013-11-22,8.57262789830434
2120,2013-11-23,8.372398606513
2121,2013-11-24,8.73600738456922
2122,2013-11-25,10.3885029394023
2123,2013-11-26,8.70880479511728
2124,2013-11-27,8.19533366716287
2125,2013-11-28,8.22147894726719
2126,2013-11-29,8.27512163021651
2127,2013-11-30,8.16990264735914
2128,2013-12-01,8.82232217747174
2129,2013-12-02,9.80543361206074
2130,2013-12-03,9.38907215991958
2131,2013-12-04,8.98130449495713
2132,2013-12-05,8.57922858233569
2133,2013-12-06,8.48776438072542
2134,2013-12-07,8.72192834304709
2135,2013-12-08,8.9182485910357
2136,2013-12-09,9.65162297294974
2137,2013-12-10,8.86474666090541
2138,2013-12-11,8.50936261230105
2139,2013-12-12,8.63177109612367
2140,2013-12-13,9.20271134481169
2141,2013-12-14,8.90381521172292
2142,2013-12-15,9.02653771890043
2143,2013-12-16,9.23766366762507
2144,2013-12-17,8.89508153175417
2145,2013-12-18,8.6429443967218
2146,2013-12-19,8.12976444579417
2147,2013-12-20,8.29179710504873
2148,2013-12-21,8.09803475617607
2149,2013-12-22,9.51878049751247
2150,2013-12-23,9.90468683311161
2151,2013-12-24,8.93734984826739
2152,2013-12-25,8.57885257180297
2153,2013-12-26,8.71588010229646
2154,2013-12-27,8.48899945704546
2155,2013-12-28,8.50572771330696
2156,2013-12-29,9.30008966411979
2157,2013-12-30,10.1461591836579
2158,2013-12-31,9.17709377818255
2159,2014-01-01,8.83564692253477
2160,2014-01-02,8.83287946027762
2161,2014-01-03,8.92305821954573
2162,2014-01-04,8.89329814421792
2163,2014-01-05,8.60263667323371
2164,2014-01-07,8.99143781491923
2165,2014-01-08,8.80687326653069
2166,2014-01-09,8.85409390765552
2167,2014-01-10,8.93102321585603
2168,2014-01-11,8.85280791762332
2169,2014-01-12,10.6933076203563
2170,2014-01-13,11.3075604350077
2171,2014-01-14,9.83745458193169
2172,2014-01-15,9.60508151672137
2173,2014-01-16,9.74537068443899
2174,2014-01-17,9.67564548044036
2175,2014-01-18,9.43468320386588
2176,2014-01-19,11.5036223246441
2177,2014-01-20,11.9767789709185
2178,2014-01-21,10.5425744562461
2179,2014-01-22,10.004282662571
2180,2014-01-23,9.73281784848262
2181,2014-01-24,9.86646043169905
2182,2014-01-25,9.37092743662413
2183,2014-01-26,9.490544554572
2184,2014-01-27,10.139152384404
2185,2014-01-28,9.99984264077889
2186,2014-01-29,10.0327159505439
2187,2014-01-30,10.3803736928726
2188,2014-01-31,10.453053004618
2189,2014-02-01,10.2401383446439
2190,2014-02-02,11.7605196483804
2191,2014-02-03,12.846746888829
2192,2014-02-04,10.7668837086558
2193,2014-02-05,9.84522264440415
2194,2014-02-06,9.29035230994557
2195,2014-02-07,9.10331179921766
2196,2014-02-08,8.79573360595074
2197,2014-02-09,8.62335338724463
2198,2014-02-10,8.41825644355621
2199,2014-02-11,8.31090675716845
2200,2014-02-12,8.23615566168312
2201,2014-02-13,8.13123654969612
2202,2014-02-14,7.92768504561578
2203,2014-02-15,7.7591874385078
2204,2014-02-16,7.72665366484764
2205,2014-02-17,7.83518375526675
2206,2014-02-18,7.88419993367604
2207,2014-02-19,7.91461770904068
2208,2014-02-20,7.92551897978693
2209,2014-02-21,7.75319426988434
2210,2014-02-22,7.50878717063428
2211,2014-02-23,7.55747290161475
2212,2014-02-24,7.80261806344267
2213,2014-02-25,7.68386398025643
2214,2014-02-26,7.9844627322622
2215,2014-02-27,7.85166117788927
2216,2014-02-28,7.68478394352278
2217,2014-03-01,7.3375877435386
2218,2014-03-02,7.40367029001237
2219,2014-03-03,7.86787149039632
2220,2014-03-04,7.8984110928116
2221,2014-03-05,7.58426481838906
2222,2014-03-06,7.71423114484909
2223,2014-03-07,7.88945914940452
2224,2014-03-08,7.32580750259577
2225,2014-03-09,7.48885295573346
2226,2014-03-10,7.55381085200823
2227,2014-03-11,7.66996199547358
2228,2014-03-12,7.98820359702258
2229,2014-03-13,8.00436556497957
2230,2014-03-14,7.6511201757027
2231,2014-03-15,7.48661331313996
2232,2014-03-16,7.44949800538285
2233,2014-03-17,7.59538727885397
2234,2014-03-18,7.60986220091355
2235,2014-03-19,7.54802896993501
2236,2014-03-20,7.61775957660851
2237,2014-03-21,7.59538727885397
2238,2014-03-22,7.34665516317654
2239,2014-03-23,7.40123126441302
2240,2014-03-24,8.09315669772264
2241,2014-03-25,7.92371033396924
2242,2014-03-26,7.69074316354187
2243,2014-03-27,8.43901541035221
2244,2014-03-28,7.78239033558746
2245,2014-03-29,7.30854279753919
2246,2014-03-30,7.26192709270275
2247,2014-03-31,7.43720636687129
2248,2014-04-01,7.54009032014532
2249,2014-04-02,7.58528107863913
2250,2014-04-03,7.60887062919126
2251,2014-04-04,7.46450983463653
2252,2014-04-05,7.15695636461564
2253,2014-04-06,7.48773376143644
2254,2014-04-07,7.4489161025442
2255,2014-04-08,7.47022413589997
2256,2014-04-09,7.43602781635185
2257,2014-04-10,7.52185925220163
2258,2014-04-11,7.41034709782102
2259,2014-04-12,7.15617663748062
2260,2014-04-13,7.13807303404435
2261,2014-04-14,7.36264527041782
2262,2014-04-15,7.51697722460432
2263,2014-04-16,7.61726781362835
2264,2014-04-17,7.49554194388426
2265,2014-04-18,7.39203156751459
2266,2014-04-19,7.17472430983638
2267,2014-04-20,8.09132127353041
2268,2014-04-21,7.51534457118044
2269,2014-04-22,7.8458075026378
2270,2014-04-23,7.69120009752286
2271,2014-04-24,7.83478810738819
2272,2014-04-25,7.67740043051481
2273,2014-04-26,7.24850407237061
2274,2014-04-27,7.40245152081824
2275,2014-04-28,7.69439280262942
2276,2014-04-29,7.82604401351897
2277,2014-04-30,7.61184239958042
2278,2014-05-01,7.5137092478397
2279,2014-05-02,7.67600993202889
2280,2014-05-03,7.24064969425547
2281,2014-05-04,7.65539064482615
2282,2014-05-05,8.13944052187461
2283,2014-05-06,8.37493814383537
2284,2014-05-07,7.90174751852014
2285,2014-05-08,8.02387999273488
2286,2014-05-09,8.75020786252571
2287,2014-05-10,8.081784206935
2288,2014-05-11,7.70436116791031
2289,2014-05-12,7.86825426552061
2290,2014-05-13,7.81963630236759
2291,2014-05-14,7.76089319585102
2292,2014-05-15,7.66715825531915
2293,2014-05-16,7.63433723562832
2294,2014-05-17,7.35115822643069
2295,2014-05-18,7.58933582317062
2296,2014-05-19,7.91022370709734
2297,2014-05-20,7.85476918349913
2298,2014-05-21,7.64683139143048
2299,2014-05-22,7.49164547360513
2300,2014-05-23,7.5234813125735
2301,2014-05-24,7.0352685992811
2302,2014-05-25,7.06561336359772
2303,2014-05-26,7.22983877815125
2304,2014-05-27,7.50823877467866
2305,2014-05-28,8.31164394850298
2306,2014-05-29,8.01400499477946
2307,2014-05-30,7.49720722320332
2308,2014-05-31,7.83161727635261
2309,2014-06-01,7.15148546390474
2310,2014-06-02,7.41095187558364
2311,2014-06-03,7.63094658089046
2312,2014-06-04,7.4759059693674
2313,2014-06-05,7.58832367733522
2314,2014-06-06,7.24636808010246
2315,2014-06-07,7.10332206252611
2316,2014-06-08,7.10414409298753
2317,2014-06-09,7.1929342212158
2318,2014-06-10,7.40123126441302
2319,2014-06-11,7.43955930913332
2320,2014-06-12,7.70796153183549
2321,2014-06-13,7.350516171834
2322,2014-06-14,7.32251043399739
2323,2014-06-15,7.28550654852279
2324,2014-06-16,7.36770857237437
2325,2014-06-17,7.26752542782817
2326,2014-06-18,7.22475340576797
2327,2014-06-19,7.22256601882217
2328,2014-06-20,7.35179986905778
2329,2014-06-21,6.97541392745595
2330,2014-06-22,7.04315991598834
2331,2014-06-23,7.48099216286952
2332,2014-06-24,7.20340552108309
2333,2014-06-25,7.22402480828583
2334,2014-06-26,7.11314210870709
2335,2014-06-27,7.07918439460967
2336,2014-06-28,6.88550967003482
2337,2014-06-29,6.87419849545329
2338,2014-06-30,7.72312009226633
2339,2014-07-01,7.49665243816828
2340,2014-07-02,7.22402480828583
2341,2014-07-03,7.27239839257005
2342,2014-07-04,7.07918439460967
2343,2014-07-05,6.85435450225502
2344,2014-07-06,6.93049476595163
2345,2014-07-07,7.15617663748062
2346,2014-07-08,7.31455283232408
2347,2014-07-09,7.22693601849329
2348,2014-07-10,7.65681009148038
2349,2014-07-11,7.54009032014532
2350,2014-07-12,7.21007962817079
2351,2014-07-13,7.24992553671799
2352,2014-07-14,7.29437729928882
2353,2014-07-15,7.51914995766982
2354,2014-07-16,7.42237370098682
2355,2014-07-17,8.22362717580548
2356,2014-07-18,7.49276030092238
2357,2014-07-19,7.22475340576797
2358,2014-07-20,7.25629723969068
2359,2014-07-21,7.4489161025442
2360,2014-07-22,7.65539064482615
2361,2014-07-23,7.67136092319064
2362,2014-07-24,7.92407232492342
2363,2014-07-25,7.80098207125774
2364,2014-07-26,7.45645455517621
2365,2014-07-27,7.36264527041782
2366,2014-07-28,8.21311069759668
2367,2014-07-29,8.23642052726539
2368,2014-07-30,7.92153563213355
2369,2014-07-31,7.74500280351584
2370,2014-08-01,7.57814547241947
2371,2014-08-02,7.56682847920833
2372,2014-08-03,7.65822752616135
2373,2014-08-04,8.27078101316267
2374,2014-08-05,7.80302664363222
2375,2014-08-06,7.6226639513236
2376,2014-08-07,7.70029520342012
2377,2014-08-08,8.05864371221562
2378,2014-08-09,7.64108424917491
2379,2014-08-10,7.83636976054512
2380,2014-08-11,8.37355374121463
2381,2014-08-12,8.60940767540405
2382,2014-08-13,8.17723488551019
2383,2014-08-14,8.03689677268507
2384,2014-08-15,7.95331834656043
2385,2014-08-16,7.7848892956551
2386,2014-08-17,8.07371464110986
2387,2014-08-18,8.28045768658256
2388,2014-08-19,8.19918935907807
2389,2014-08-20,8.00034949532468
2390,2014-08-21,7.88720858581393
2391,2014-08-22,7.83715965000168
2392,2014-08-23,7.97968130238774
2393,2014-08-24,8.51839247199172
2394,2014-08-25,8.35631996582815
2395,2014-08-26,7.93236215433975
2396,2014-08-27,7.83676478326407
2397,2014-08-29,8.53719187792293
2398,2014-08-30,8.02649693894541
2399,2014-08-31,7.9728107841214
2400,2014-09-01,8.37447688921464
2401,2014-09-02,8.25322764558177
2402,2014-09-03,8.44591198941127
2403,2014-09-04,8.49269555981584
2404,2014-09-05,8.83913175254611
2405,2014-09-06,8.07589363029886
2406,2014-09-07,8.75020786252571
2407,2014-09-08,10.702412661625
2408,2014-09-09,10.0599783492956
2409,2014-09-10,8.79315687091382
2410,2014-09-11,8.71440336070394
2411,2014-09-12,9.05625635659347
2412,2014-09-13,8.62155320674048
2413,2014-09-14,9.96142621745657
2414,2014-09-15,9.70856696016566
2415,2014-09-16,9.19644426678407
2416,2014-09-17,8.61431990214696
2417,2014-09-18,8.88903257187474
2418,2014-09-19,9.01627006814768
2419,2014-09-20,8.19918935907807
2420,2014-09-21,9.16219999664825
2421,2014-09-22,9.60750445504496
2422,2014-09-23,8.44290058683438
2423,2014-09-24,8.15737044118677
2424,2014-09-25,8.18451375303372
2425,2014-09-26,8.83898679349679
2426,2014-09-27,8.21283958467648
2427,2014-09-28,8.33615081612066
2428,2014-09-29,8.59044365315583
2429,2014-09-30,8.70134640303916
2430,2014-10-01,8.26642147298455
2431,2014-10-02,8.27461194620955
2432,2014-10-03,8.36637030168165
2433,2014-10-04,8.03527891114467
2434,2014-10-05,9.23151460720759
2435,2014-10-06,9.96467672084855
2436,2014-10-07,8.84548923675327
2437,2014-10-08,8.67299964255444
2438,2014-10-09,8.40065937516029
2439,2014-10-10,8.58035576637388
2440,2014-10-11,8.02059914989697
2441,2014-10-12,9.1075321519945
2442,2014-10-13,9.43835205468725
2443,2014-10-14,8.50126704086598
2444,2014-10-15,8.3133619511344
2445,2014-10-16,8.3255483071614
2446,2014-10-17,8.47637119689598
2447,2014-10-18,8.20111164444276
2448,2014-10-19,8.70051424854327
2449,2014-10-20,11.2744652095441
2450,2014-10-21,9.60757167515724
2451,2014-10-22,8.87863674743007
2452,2014-10-23,8.76592651372944
2453,2014-10-24,9.85639594500228
2454,2014-10-25,8.43424627059531
2455,2014-10-26,8.8034242116007
2456,2014-10-27,9.38176948760371
2457,2014-10-28,8.76029622047005
2458,2014-10-29,8.55506684384432
2459,2014-10-30,8.46884293047519
2460,2014-10-31,8.53129331579502
2461,2014-11-01,8.04558828080353
2462,2014-11-02,9.0902045707362
2463,2014-11-03,9.45414892373398
2464,2014-11-04,9.0590522577624
2465,2014-11-05,8.25945819533241
2466,2014-11-06,8.18952211074809
2467,2014-11-07,8.19533366716287
2468,2014-11-08,7.69393732550927
2469,2014-11-09,8.29004161870449
2470,2014-11-10,9.03288694657909
2471,2014-11-11,8.38274709486331
2472,2014-11-12,8.21797820315073
2473,2014-11-13,8.12474302038557
2474,2014-11-14,8.04686951095958
2475,2014-11-15,7.57301725605255
2476,2014-11-16,8.3986348552921
2477,2014-11-17,8.71144331907547
2478,2014-11-18,8.25114213909075
2479,2014-11-19,7.99226864327075
2480,2014-11-20,8.00536706731666
2481,2014-11-21,8.08085641964099
2482,2014-11-22,7.52833176670725
2483,2014-11-23,8.20248244657654
2484,2014-11-24,9.07440609473535
2485,2014-11-25,8.2147358333823
2486,2014-11-26,7.96797317966293
2487,2014-11-27,8.12829017160705
2488,2014-11-28,7.9536697786498
2489,2014-11-29,7.66669020008009
2490,2014-11-30,7.96554557312999
2491,2014-12-01,9.14216859187285
2492,2014-12-02,8.28702502516506
2493,2014-12-03,8.28324144138542
2494,2014-12-04,8.30102525383845
2495,2014-12-05,8.38799525294456
2496,2014-12-06,7.70975686445416
2497,2014-12-07,8.11102783819368
2498,2014-12-08,8.74560285240295
2499,2014-12-09,8.39140318535794
2500,2014-12-10,8.11969625295725
2501,2014-12-11,8.2358907259285
2502,2014-12-12,8.10681603894705
2503,2014-12-13,7.71199650704767
2504,2014-12-14,8.4252971767117
2505,2014-12-15,8.84937050375457
2506,2014-12-16,8.49310539588715
2507,2014-12-17,8.17413934342947
2508,2014-12-18,8.10228362448007
2509,2014-12-19,7.8336002236611
2510,2014-12-20,7.52294091807237
2511,2014-12-21,7.91022370709734
2512,2014-12-22,8.3654396361887
2513,2014-12-23,9.06056344665796
2514,2014-12-24,8.17919979842309
2515,2014-12-25,8.01631789850341
2516,2014-12-26,8.10319175228579
2517,2014-12-27,7.81439963380449
2518,2014-12-28,8.38799525294456
2519,2014-12-29,8.74814616962193
2520,2014-12-30,8.31287139434261
2521,2014-12-31,7.92334821193015
2522,2015-01-01,7.84658997529119
2523,2015-01-02,8.3020178097512
2524,2015-01-03,8.43620003220671
2525,2015-01-04,8.93458687038968
2526,2015-01-05,8.88861880730088
2527,2015-01-06,8.66423293406555
2528,2015-01-07,8.50004703258127
2529,2015-01-08,8.41825644355621
2530,2015-01-09,8.4721958254855
2531,2015-01-10,8.30721262662831
2532,2015-01-11,9.88659568486591
2533,2015-01-12,10.694985739443
2534,2015-01-13,9.76019438270965
2535,2015-01-14,9.11007795003779
2536,2015-01-15,8.79951090136887
2537,2015-01-16,8.7830896717961
2538,2015-01-17,8.42989086301344
2539,2015-01-18,8.87877607170755
2540,2015-01-19,9.75938620856187
2541,2015-01-20,8.9520876435484
2542,2015-01-21,8.66112036022288
2543,2015-01-22,8.58485183989005
2544,2015-01-23,8.39660622842712
2545,2015-01-24,7.92371033396924
2546,2015-01-25,8.08548677210285
2547,2015-01-26,8.35890061242164
2548,2015-01-27,8.30350479887278
2549,2015-01-28,8.27792025817214
2550,2015-01-29,8.36357570275064
2551,2015-01-30,8.59822003005861
2552,2015-01-31,8.08116577772543
2553,2015-02-01,9.03443816698441
2554,2015-02-02,10.2832245120716
2555,2015-02-03,9.27322127001538
2556,2015-02-04,8.71407489954152
2557,2015-02-06,8.23350314023399
2558,2015-02-07,7.88419993367604
2559,2015-02-08,7.81278281857758
2560,2015-02-09,7.93128476152589
2561,2015-02-10,8.4144957931779
2562,2015-02-11,8.15651022607997
2563,2015-02-12,7.85709386490249
2564,2015-02-13,7.9098566672694
2565,2015-02-14,7.80913539812054
2566,2015-02-15,7.5076900778199
2567,2015-02-16,8.20385137218388
2568,2015-02-17,7.82164312623998
2569,2015-02-18,7.80384330353877
2570,2015-02-19,7.76089319585102
2571,2015-02-20,7.70345904786717
2572,2015-02-21,8.06117135969092
2573,2015-02-22,7.350516171834
2574,2015-02-23,7.48380668766583
2575,2015-02-24,7.54062152865715
2576,2015-02-25,7.69666708152646
2577,2015-02-26,7.50384074669895
2578,2015-02-27,7.39817409297047
2579,2015-02-28,7.04228617193974
2580,2015-03-01,7.05272104923232
2581,2015-03-02,7.36264527041782
2582,2015-03-03,7.6231530684769
2583,2015-03-04,7.79523492900217
2584,2015-03-05,8.42683075133585
2585,2015-03-06,7.9168074909376
2586,2015-03-07,7.23633934275434
2587,2015-03-08,7.20637729147225
2588,2015-03-09,7.55642796944025
2589,2015-03-10,7.58273848891441
2590,2015-03-11,7.68294316987829
2591,2015-03-12,7.60688453121963
2592,2015-03-13,7.70345904786717
2593,2015-03-14,7.15148546390474
2594,2015-03-15,7.04053639021596
2595,2015-03-16,7.33888813383888
2596,2015-03-17,7.48436864328613
2597,2015-03-18,7.35179986905778
2598,2015-03-19,7.42356844425917
2599,2015-03-20,7.29165620917446
2600,2015-03-21,6.81673588059497
2601,2015-03-22,6.91075078796194
2602,2015-03-23,7.32118855673948
2603,2015-03-24,7.99159228206809
2604,2015-03-25,7.71289096149013
2605,2015-03-26,7.28276117960559
2606,2015-03-27,7.30586003268401
2607,2015-03-28,6.90575327631146
2608,2015-03-29,7.87321705486274
2609,2015-03-30,7.08590146436561
2610,2015-03-31,7.27100853828099
2611,2015-04-01,7.21376830811864
2612,2015-04-02,7.16626597413364
2613,2015-04-03,7.21303165983487
2614,2015-04-04,6.82979373751242
2615,2015-04-05,6.80128303447162
2616,2015-04-06,7.15773548424991
2617,2015-04-07,7.04577657687951
2618,2015-04-08,7.09174211509515
2619,2015-04-09,7.23417717974985
2620,2015-04-10,7.28000825288419
2621,2015-04-11,6.69703424766648
2622,2015-04-12,7.028201432058
2623,2015-04-13,7.17472430983638
2624,2015-04-14,7.22329567956231
2625,2015-04-15,7.33693691370762
2626,2015-04-16,7.36201055125973
2627,2015-04-17,7.26332961747684
2628,2015-04-18,6.81124437860129
2629,2015-04-19,7.3185395485679
2630,2015-04-20,7.64012317269536
2631,2015-04-21,7.40549566319947
2632,2015-04-22,7.57250298502038
2633,2015-04-23,7.48549160803075
2634,2015-04-24,7.33302301438648
2635,2015-04-25,7.20563517641036
2636,2015-04-26,7.09090982207998
2637,2015-04-27,7.32646561384032
2638,2015-04-28,7.35564110297425
2639,2015-04-29,7.46336304552002
2640,2015-04-30,7.56734567601324
2641,2015-05-01,7.74975340627444
2642,2015-05-02,7.14440718032114
2643,2015-05-03,6.89972310728487
2644,2015-05-04,7.33106030521863
2645,2015-05-05,7.2211050981825
2646,2015-05-06,7.7376162828579
2647,2015-05-07,7.36327958696304
2648,2015-05-08,7.29097477814298
2649,2015-05-09,7.03878354138854
2650,2015-05-10,6.93244789157251
2651,2015-05-11,7.30586003268401
2652,2015-05-12,7.68616230349291
2653,2015-05-13,7.47929963778283
2654,2015-05-14,7.26961674960817
2655,2015-05-15,7.30921236569276
2656,2015-05-16,6.74051935960622
2657,2015-05-17,6.80572255341699
2658,2015-05-18,7.14282740116162
2659,2015-05-19,7.18690102041163
2660,2015-05-20,7.14045304310116
2661,2015-05-21,8.76155013912964
2662,2015-05-22,8.27944348771267
2663,2015-05-23,7.43720636687129
2664,2015-05-24,7.16006920759613
2665,2015-05-25,7.04141166379481
2666,2015-05-26,7.17472430983638
2667,2015-05-27,7.41276401742656
2668,2015-05-28,7.25629723969068
2669,2015-05-29,7.2848209125686
2670,2015-05-30,6.72623340235875
2671,2015-05-31,6.93244789157251
2672,2015-06-01,7.07411681619736
2673,2015-06-02,7.20266119652324
2674,2015-06-03,7.16472037877186
2675,2015-06-04,7.06731984865348
2676,2015-06-05,6.90675477864855
2677,2015-06-06,6.67708346124714
2678,2015-06-07,6.51767127291227
2679,2015-06-08,7.04315991598834
2680,2015-06-09,7.04315991598834
2681,2015-06-10,6.9177056098353
2682,2015-06-11,7.05789793741186
2683,2015-06-12,6.85540879860993
2684,2015-06-13,6.64378973314767
2685,2015-06-14,6.52502965784346
2686,2015-06-15,6.89060912014717
2687,2015-06-16,6.92657703322272
2688,2015-06-17,7.00488198971286
2689,2015-06-18,6.87316383421252
2690,2015-06-19,6.89060912014717
2691,2015-06-20,6.4425401664682
2692,2015-06-21,6.8351845861473
2693,2015-06-22,7.27239839257005
2694,2015-06-23,7.07749805356923
2695,2015-06-24,7.34407285057307
2696,2015-06-25,7.29165620917446
2697,2015-06-26,7.27170370688737
2698,2015-06-27,7.454719949364
2699,2015-06-28,6.69208374250663
2700,2015-06-29,6.96318998587024
2701,2015-06-30,7.01660968389422
2702,2015-07-01,6.79122146272619
2703,2015-07-02,6.82001636467413
2704,2015-07-03,6.61873898351722
2705,2015-07-04,6.47389069635227
2706,2015-07-05,6.49978704065585
2707,2015-07-06,6.8596149036542
2708,2015-07-07,6.88141130364254
2709,2015-07-08,6.99759598298193
2710,2015-07-09,7.15226885603254
2711,2015-07-10,7.19668657083435
2712,2015-07-11,6.70808408385307
2713,2015-07-12,6.98286275146894
2714,2015-07-13,7.12849594568004
2715,2015-07-14,7.08924315502751
2716,2015-07-15,7.19893124068817
2717,2015-07-16,8.090708716084
2718,2015-07-17,7.39387829010776
2719,2015-07-18,7.05012252026906
2720,2015-07-19,7.19518732017871
2721,2015-07-20,7.44132038971762
2722,2015-07-21,7.41758040241454
2723,2015-07-22,7.47420480649612
2724,2015-07-23,7.39264752072162
2725,2015-07-24,7.18538701558042
2726,2015-07-25,6.86484777797086
2727,2015-07-26,6.83410873881384
2728,2015-07-27,7.28756064030972
2729,2015-07-28,7.22402480828583
2730,2015-07-29,7.24422751560335
2731,2015-07-30,7.30653139893951
2732,2015-07-31,7.31721240835984
2733,2015-08-01,6.95844839329766
2734,2015-08-02,6.82546003625531
2735,2015-08-03,7.18159194461187
2736,2015-08-04,7.27655640271871
2737,2015-08-05,7.27100853828099
2738,2015-08-06,7.82444593087762
2739,2015-08-07,7.41938058291869
2740,2015-08-08,7.00760061395185
2741,2015-08-09,7.07326971745971
2742,2015-08-10,7.26542972325395
2743,2015-08-11,7.60240133566582
2744,2015-08-12,7.55747290161475
2745,2015-08-13,7.58222919427646
2746,2015-08-14,7.28961052145117
2747,2015-08-15,7.3304052118444
2748,2015-08-16,7.2211050981825
2749,2015-08-17,7.4312996751559
2750,2015-08-18,7.75018416225784
2751,2015-08-19,7.62997570702779
2752,2015-08-20,7.73061406606374
2753,2015-08-21,7.82404601085629
2754,2015-08-22,7.22620901010067
2755,2015-08-23,7.4770384723197
2756,2015-08-24,7.86326672400957
2757,2015-08-25,7.94909149983052
2758,2015-08-26,7.7698009960039
2759,2015-08-27,7.57967882309046
2760,2015-08-28,7.54908271081229
2761,2015-08-29,7.29165620917446
2762,2015-08-30,7.78986855905471
2763,2015-08-31,7.65681009148038
2764,2015-09-01,7.53476265703754
2765,2015-09-02,7.66528471847135
2766,2015-09-03,8.06652149046999
2767,2015-09-04,8.14931284363534
2768,2015-09-05,7.72533003791713
2769,2015-09-06,7.71735127218533
2770,2015-09-07,7.67786350067821
2771,2015-09-08,7.89506349809157
2772,2015-09-09,8.07992777075827
2773,2015-09-10,8.1934002319521
2774,2015-09-11,8.66509582133973
2775,2015-09-12,7.84463264446468
2776,2015-09-13,8.77909581088053
2777,2015-09-14,9.05870319731322
2778,2015-09-15,8.42178300661158
2779,2015-09-16,8.07215530818825
2780,2015-09-17,8.40469616018909
2781,2015-09-18,9.72184576464693
2782,2015-09-19,8.11402544235676
2783,2015-09-20,8.43076346341785
2784,2015-09-21,8.54888563814873
2785,2015-09-22,8.3228800217699
2786,2015-09-23,8.00836557031292
2787,2015-09-24,8.11999382772511
2788,2015-09-25,8.58260632996447
2789,2015-09-26,7.60986220091355
2790,2015-09-27,8.41205487329293
2791,2015-09-28,9.5410100922274
2792,2015-09-29,8.55948610360649
2793,2015-09-30,8.14438886554762
2794,2015-10-01,7.9912539298402
2795,2015-10-02,7.88532923927319
2796,2015-10-03,7.4599147662411
2797,2015-10-04,8.37516869138682
2798,2015-10-05,8.7268056084461
2799,2015-10-06,8.07527154629746
2800,2015-10-07,7.80057265467065
2801,2015-10-08,7.74975340627444
2802,2015-10-09,7.91971976092457
2803,2015-10-10,7.35627987655075
2804,2015-10-11,8.17301131172497
2805,2015-10-13,8.26100978602383
2806,2015-10-14,7.84658997529119
2807,2015-10-15,7.74022952476318
2808,2015-10-16,7.83042561782033
2809,2015-10-17,7.36137542897735
2810,2015-10-18,8.2987883944492
2811,2015-10-19,8.7417757069247
2812,2015-10-20,8.39705739017626
2813,2015-10-21,7.77821147451249
2814,2015-10-22,7.93379687481541
2815,2015-10-23,7.86018505747217
2816,2015-10-24,7.94236223767433
2817,2015-10-25,8.19808924895612
2818,2015-10-26,8.42901750051251
2819,2015-10-27,8.05674377497531
2820,2015-10-28,7.81116338502528
2821,2015-10-29,7.78655180642871
2822,2015-10-30,8.1086232683546
2823,2015-10-31,7.62119516280984
2824,2015-11-01,8.09285102753838
2825,2015-11-02,9.39224517527379
2826,2015-11-03,8.45318786144033
2827,2015-11-04,8.09437844497296
2828,2015-11-05,7.9912539298402
2829,2015-11-06,8.32820949174873
2830,2015-11-07,7.64108424917491
2831,2015-11-08,8.48632152774915
2832,2015-11-09,9.16356318041725
2833,2015-11-10,8.18841130807903
2834,2015-11-11,7.82644313545601
2835,2015-11-12,7.96067260838812
2836,2015-11-13,7.67229245562876
2837,2015-11-14,7.16317239084664
2838,2015-11-15,7.90211754627645
2839,2015-11-16,9.63430006272051
2840,2015-11-17,8.84822206837138
2841,2015-11-18,8.38320455141292
2842,2015-11-19,8.16451026874704
2843,2015-11-20,8.05293303679757
2844,2015-11-21,7.56112158953024
2845,2015-11-22,8.25634777291802
2846,2015-11-23,8.67282848294769
2847,2015-11-24,8.30647216010058
2848,2015-11-25,8.05896001776942
2849,2015-11-26,7.87245515006398
2850,2015-11-27,8.19533366716287
2851,2015-11-28,7.59135704669855
2852,2015-11-29,8.02158453345511
2853,2015-11-30,12.1496715918794
2854,2015-12-01,11.5230440984914
2855,2015-12-02,8.71177264560569
2856,2015-12-03,8.05610965954506
2857,2015-12-04,8.08147504013705
2858,2015-12-05,7.45876269238096
2859,2015-12-06,8.01400499477946
2860,2015-12-07,8.49678638163858
2861,2015-12-08,7.98104975966596
2862,2015-12-09,7.77779262633883
2863,2015-12-10,8.2602342916073
2864,2015-12-11,7.86633892304654
2865,2015-12-12,7.31055015853442
2866,2015-12-13,7.71824095195932
2867,2015-12-14,8.31947369244219
2868,2015-12-15,8.23668532271246
2869,2015-12-16,7.80751004221619
2870,2015-12-17,7.59186171488993
2871,2015-12-18,7.52886925664225
2872,2015-12-19,7.17165682276851
2873,2015-12-20,7.89133075766189
2874,2015-12-21,8.36007143564403
2875,2015-12-22,8.11042723757502
2876,2015-12-23,7.77527584648686
2877,2015-12-24,7.34729970074316
2878,2015-12-25,7.30182234213793
2879,2015-12-26,7.12044437239249
2880,2015-12-27,8.87877607170755
2881,2015-12-28,9.25061821847475
2882,2015-12-29,9.24792513230345
2883,2015-12-30,8.39140318535794
2884,2015-12-31,8.00469951054955
2885,2016-01-01,7.58933582317062
2886,2016-01-02,7.82524529143177
2887,2016-01-03,8.24931374626064
2888,2016-01-04,9.29514097366865
2889,2016-01-05,8.56826646160024
2890,2016-01-06,8.35255436947459
2891,2016-01-07,8.29579811063615
2892,2016-01-08,8.29029259122431
2893,2016-01-09,7.78572089653462
2894,2016-01-10,8.28172399041139
2895,2016-01-11,8.4707303170059
2896,2016-01-12,8.13505390861157
2897,2016-01-13,8.06714903991011
2898,2016-01-14,8.02355239240435
2899,2016-01-15,8.02191277898571
2900,2016-01-16,7.81722278550817
2901,2016-01-17,9.27387839278017
2902,2016-01-18,10.3337753460756
2903,2016-01-19,9.12587121534973
2904,2016-01-20,8.89137400948464
